Area,Lines
tests/Feature,36277
resources/js/Pages,29632
resources/js/components,21967
app/Http/Controllers,16162
app/Services,9859
app/Models,8271
app/Services/Payments,6377
database/migrations,4149
database/seeders,2653
app/Services/Notifications,2468
resources/js/lib,2343
resources/js/modules,1740
app/Filament/Core,1380
app/Services/GIS,1214
app/Enums,1173
app/Services/Safety,1114
tests/Unit,1037
app/Services/NotificationEngine,938
resources/js/context,926
app/Console/Commands,845
app/Http/Middleware,775
routes/web.php,692
app/Services/Observability,619
config/gatepass.php,574
app/Services/Query,561
app/Jobs/Queue,518
app/Services/Search,457
app/Providers,438
resources/js/Layouts,419
app/Filament/Resources,411
config/backup.php,410
app/Exports,400
config/excel.php,396
app/Services/Features,388
app/Livewire,373
config/media-library.php,364
app/Services/Ledger,354
app/Repositories,353
app/Services/Pdf,348
app/Http/Requests,345
app/Services/Billing,345
app/Services/Queue,336
app/Services/Delegation,333
app/Events/Realtime,327
app/Livewire/GatePasses,316
app/Services/Media,312
app/Actions/GatePass,311
config/dompdf.php,302
routes/api.php,294
config/scout.php,266
app/Services/Spreadsheets,259
app/Livewire/Filament,256
resources/js/hooks,253
app/Livewire/Residents,248
database/factories,248
app/Actions/Visitors,245
app/Http/Resources,244
app/Livewire/Realtime,234
routes/console.php,230
config/tenancy.php,210
app/Services/Messaging,206
resources/js/types,196
config/octane.php,191
config/horizon.php,187
app/Livewire/Notifications,185
app/Services/Realtime,172
config/notifications.php,167
app/Services/Performance,166
app/Livewire/Warnings,161
app/Services/Api,161
config/payments.php,145
app/Services/Backup,143
app/Livewire/Queue,140
app/Livewire/Pdf,137
app/Jobs,136
app/Http/Responses,135
app/Livewire/Observability,135
app/Livewire/Payments,134
app/Livewire/Spreadsheets,134
app/Services/Webhooks,133
app/Livewire/Features,126
app/Traits,125
app/Livewire/Components,124
app/Policies,113
config/reverb.php,106
config/services.php,106
app/Imports,104
app/Events,103
resources/js,102
routes/channels.php,94
config/query-builder.php,93
config/safety.php,93
config/sanctum.php,93
app/Livewire/Performance,89
config/broadcasting.php,89
config/filesystems.php,89
app/Filament/Providers,82
app/Support,82
config/database.php,80
config/activitylog.php,77
config/legal.php,73
app/Services/Tenancy,69
app/Events/Safety,63
config/logging.php,63
app/Mail,61
config/scramble.php,59
app/Notifications,56
app/Exceptions,55
config/auth.php,49
routes/tenant.php,48
tests/Concerns,47
config/pennant.php,45
app/Filament/Widgets,44
app/Services/Audit,38
config/queue.php,37
config/occupancy.php,35
tests/TestCase.php,35
config/cache.php,33
config/visitor_pass.php,31
config/session.php,25
config/trustedproxy.php,24
config/app.php,20
config/delegation.php,19
tests/CreatesApplication.php,19
app/Events/Billing,17
config/inertia.php,15
