Model,Domain,App references,Recommendation
AccessApprovalRequest,Administration,5,KEEP
AccessAuditTimelineEvent,Administration,7,KEEP
AccessLogEntry,Administration,14,KEEP
AccessRiskIncident,Administration,3,KEEP
Account,Administration,21,KEEP
Activity,Administration,6,KEEP
ActivityLogEntry,Administration,4,KEEP
ApiRequestLog,Administration,4,KEEP
AuthorizationDocument,Access,4,KEEP
AutoPaySetting,Administration,5,KEEP
BankReconciliation,Administration,7,KEEP
BankTransaction,Administration,4,KEEP
BillingSetting,Billing,5,KEEP
BlocklistEntry,Security,12,KEEP
BlocklistRemovalRequest,Security,3,KEEP
BoundaryAuditLog,Properties,4,KEEP
BoundaryConfig,Properties,7,KEEP
BoundaryPoint,Properties,2,KEEP
BrandingSetting,Administration,10,KEEP
Business,Administration,8,KEEP
ChangelogEntry,Administration,3,KEEP
Community,Administration,90,KEEP
CommunityEvent,Communications,4,KEEP
CommunityUpdate,Communications,3,KEEP
DelegatedAccess,People,12,KEEP
DelegatedAccessEvent,People,2,KEEP
DistressAlert,Administration,7,KEEP
DistressAlertEvent,Administration,4,KEEP
Domain,Administration,4,KEEP
Donation,Billing,12,KEEP
EmergencyContinuityPlan,Safety,4,KEEP
EventInvite,Visitors,2,KEEP
Feedback,Communications,8,KEEP
FoodApp,Administration,3,KEEP
Fundraiser,Billing,14,KEEP
FundraiserUpdate,Billing,3,KEEP
GatePass,Credentials,67,KEEP
GatePassNonce,Credentials,2,KEEP
GatePassTransition,Credentials,2,KEEP
GateSensorEvent,Administration,3,KEEP
Guideline,Communications,3,KEEP
Household,People,14,KEEP
HouseholdMember,People,8,KEEP
IdSequence,Administration,3,KEEP
InAppNotification,Communications,13,KEEP
Invoice,Billing,23,KEEP
InvoiceItem,Billing,6,KEEP
Landmark,Properties,5,KEEP
LedgerEntry,Administration,5,KEEP
Media,Administration,6,KEEP
MusterRollCall,Safety,3,KEEP
MusterSession,Safety,4,KEEP
Notification,Communications,24,KEEP
NotificationDelivery,Communications,6,KEEP
ParkingPass,Credentials,3,KEEP
Payment,Billing,43,KEEP
PaymentAttempt,Billing,2,KEEP
PaymentChannelSetting,Billing,5,KEEP
PaymentCustomer,Billing,3,KEEP
PaymentDispute,Billing,3,KEEP
PaymentEvent,Billing,4,KEEP
PaymentLink,Billing,12,KEEP
PaymentMethod,Billing,6,KEEP
PaymentPlan,Billing,4,KEEP
PaymentQrCode,Billing,1,KEEP
PaymentReceipt,Billing,6,KEEP
PaymentRefund,Billing,3,KEEP
PaymentStateTransition,Billing,2,KEEP
PaymentTerminal,Billing,6,KEEP
Payout,Administration,3,KEEP
Property,Properties,29,KEEP
ReconciliationBatch,Administration,4,KEEP
ReconciliationMatch,Administration,3,KEEP
Renter,People,21,KEEP
SafetyProfile,Safety,8,KEEP
Staff,People,35,KEEP
StripeEvent,Billing,3,KEEP
Tenant,Administration,11,KEEP
TrackedError,Administration,2,KEEP
Transaction,Administration,44,KEEP
TransactionEvent,Administration,4,KEEP
User,Administration,175,KEEP
UserPreference,Administration,2,KEEP
Vehicle,Properties,16,KEEP
Visitor,Visitors,65,KEEP
Voucher,Administration,3,KEEP
Wallet,Credentials,21,KEEP
WalletTransaction,Credentials,2,KEEP
Warning,Communications,19,KEEP
WarningResponse,Communications,4,KEEP
WebhookDeliveryLog,Administration,4,KEEP
WebhookSubscription,Billing,5,KEEP
