File,Lines,Limit
resources/js/Pages/Dashboard/Delegation/Index.tsx,3614,600
resources/js/Pages/Dashboard/Company.tsx,2083,600
resources/js/Pages/Dashboard/Occupancy.tsx,2031,600
resources/js/components/dashboard/boundary-point-manager.tsx,1837,600
resources/js/Pages/Dashboard/Billing.tsx,1796,600
app/Http/Controllers/Dashboard/DelegatedAccessController.php,1701,500
resources/js/Pages/Dashboard/Map.tsx,1659,600
resources/js/Pages/Dashboard/Ownership.tsx,1565,600
app/Http/Controllers/Dashboard/BillingController.php,1506,500
resources/js/Pages/Dashboard/AccessGovernance.tsx,1449,600
resources/js/Pages/Dashboard/Visitors.tsx,1416,600
app/Services/StripePaymentService.php,1320,500
resources/js/Pages/Dashboard/Wallet.tsx,1319,600
resources/js/components/dashboard/ProfilePaymentsAndWallets.tsx,1212,600
resources/js/Pages/Dashboard/GateScanner.tsx,1144,600
app/Services/PropertyOccupancyService.php,1122,500
app/Services/Safety/SilentAssistanceService.php,1114,500
app/Services/GatePassEngine.php,1045,500
resources/js/components/dashboard/gate-qr-camera-scanner.tsx,1021,600
resources/js/Pages/Dashboard/Overview.tsx,977,600
resources/js/components/dashboard/payment-center-hero.tsx,969,600
resources/js/Pages/Dashboard/Parking.tsx,944,600
database/seeders/CompanyPropertySeeder.php,940,500
resources/js/Pages/Dashboard/Household.tsx,913,600
resources/js/components/dashboard/transactions-ledger.tsx,898,600
resources/js/Pages/Dashboard/Fundraising.tsx,803,600
resources/js/Pages/Dashboard/Vehicles.tsx,802,600
app/Http/Controllers/Dashboard/CompanyDashboardController.php,777,500
app/Http/Controllers/Dashboard/VisitorController.php,750,500
resources/js/Pages/Dashboard/Profile.tsx,717,600
app/Services/GateScanner.php,714,500
app/Services/Payments/PaymentOrchestratorService.php,703,500
resources/js/components/dashboard/gate-scanner-dialog.tsx,697,600
app/Services/Payments/UniversalPaymentWebhookService.php,696,500
routes/web.php,692,500
resources/js/components/dashboard/payment-method-selector-modal.tsx,636,600
resources/js/modules/GeofenceModule.ts,635,600
resources/js/Pages/Dashboard/GatePass.tsx,623,600
app/Services/Observability/ObservabilityService.php,619,500
app/Services/Payments/EnterpriseReconciliationService.php,616,500
app/Services/AccessRelationshipEngine.php,602,500
config/gatepass.php,574,500
app/Console/Commands/StripeTestTransactionCommand.php,573,500
app/Services/DigitalAccessWalletService.php,571,500
app/Services/AccessVisibilityService.php,561,500
app/Http/Controllers/Dashboard/FundraisingController.php,538,500
app/Http/Controllers/Dashboard/BoundaryController.php,526,500
app/Services/EnterpriseAuthorizationRegistry.php,524,500
app/Services/GIS/GeofenceService.php,524,500
