Route,Name,Purpose (domain),Role,Permission,Controller,Method,Services/Actions,Status,Used?,Duplicate?,Demo?,Production?,Classification,Basis
DELETE api/v1/tokens,api.v1.tokens.destroy-all,Access,any signed-in,signed-in (check in controller),app/Http/Controllers/Api/V1/TokenApiController.php,destroyAll,,External API,External,,,Yes,KEEP,heuristic: reachable and not flagged
DELETE api/v1/tokens/{tokenId},api.v1.tokens.destroy,Access,any signed-in,signed-in (check in controller),app/Http/Controllers/Api/V1/TokenApiController.php,destroy,,External API,External,,,Yes,KEEP,heuristic: reachable and not flagged
GET api/auth/me,,Access,any signed-in,signed-in (check in controller),app/Http/Controllers/Api/AuthApiController.php,me,GatePassEngine,External API,External,,,Yes,KEEP,heuristic: reachable and not flagged
GET api/v1/tokens,api.v1.tokens.index,Access,any signed-in,signed-in (check in controller),app/Http/Controllers/Api/V1/TokenApiController.php,index,,External API,External,,,Yes,KEEP,heuristic: reachable and not flagged
GET dashboard/deactivation,dashboard.deactivation,Access,any signed-in,signed-in (check in controller),app/Http/Controllers/Dashboard/DeactivationController.php,show,,Production,UI,,,Yes,KEEP,heuristic: reachable and not flagged
GET dashboard/profile,dashboard.profile,Access,any signed-in,signed-in (check in controller),app/Http/Controllers/Dashboard/ProfileController.php,edit,GatePassEngine,Production,UI,,,Yes,KEEP,heuristic: reachable and not flagged
GET dashboard/settings,dashboard.settings,Access,any signed-in,signed-in (check in controller),app/Http/Controllers/Dashboard/SettingsController.php,index,,Production,UI,,,Yes,KEEP,heuristic: reachable and not flagged
GET login,login,Access,any signed-in,signed-in (check in controller),app/Http/Controllers/Auth/AuthenticatedSessionController.php,create,GatePassEngine,Production,UI,,,Yes,KEEP,heuristic: reachable and not flagged
POST api/auth/login,,Access,anyone,public,app/Http/Controllers/Api/AuthApiController.php,login,GatePassEngine,External API,External,,,Yes,KEEP,heuristic: reachable and not flagged
POST api/auth/logout,,Access,any signed-in,signed-in (check in controller),app/Http/Controllers/Api/AuthApiController.php,logout,GatePassEngine,External API,External,,,Yes,KEEP,heuristic: reachable and not flagged
POST api/v1/tokens,api.v1.tokens.store,Access,any signed-in,signed-in (check in controller),app/Http/Controllers/Api/V1/TokenApiController.php,store,,External API,External,,,Yes,KEEP,heuristic: reachable and not flagged
POST dashboard/deactivation,dashboard.deactivation.store,Access,any signed-in,signed-in (check in controller),app/Http/Controllers/Dashboard/DeactivationController.php,store,,Production,UI,,,Yes,KEEP,heuristic: reachable and not flagged
POST dashboard/profile/ai-consent,dashboard.profile.ai-consent,Access,any signed-in,signed-in (check in controller),app/Http/Controllers/Dashboard/ProfileController.php,setAiConsent,GatePassEngine,Production,UI,,,Yes,KEEP,heuristic: reachable and not flagged
POST login,,Access,any signed-in,signed-in (check in controller),app/Http/Controllers/Auth/AuthenticatedSessionController.php,store,GatePassEngine,Production,Tests only,,,Yes,KEEP,heuristic: reachable and not flagged
POST logout,logout,Access,anyone,public,app/Http/Controllers/Auth/AuthenticatedSessionController.php,destroy,GatePassEngine,Production,UI,,,Yes,KEEP,heuristic: reachable and not flagged
GET /,landing,Administration,anyone,public,app/Http/Controllers/PublicPageController.php,landing,,Production,UI,,,Yes,KEEP,heuristic: reachable and not flagged
GET admin,filament.admin,Administration,"SA, A, S",manageSecurity,app/Livewire/Filament/FilamentHub.php,__invoke,,Demo,UI,Yes,Yes,No,REMOVE,manual: Filament showcase hub with a role simulator; duplicates real pages
GET api/docs,api.docs,Administration,anyone,public,app/Http/Controllers/Api/V1/DocsApiController.php,ui,ApiVersionManager,External API,External,Yes,,Yes,MERGE,heuristic: App\Http\Controllers\Api\V1\DocsApiController@ui is bound to 3 routes
GET api/health,api.health,Administration,anyone,public,app/Http/Controllers/Api/V1/MonitoringApiController.php,health,,External API,External,Yes,,Yes,MERGE,heuristic: App\Http\Controllers\Api\V1\MonitoringApiController@health is bound to 3 routes
GET api/openapi.json,api.openapi,Administration,anyone,public,app/Http/Controllers/Api/V1/DocsApiController.php,openApiJson,ApiVersionManager,External API,External,Yes,,Yes,MERGE,heuristic: App\Http\Controllers\Api\V1\DocsApiController@openApiJson is bound to 3 routes
GET api/search,api.search,Administration,any signed-in,signed-in (check in controller),app/Http/Controllers/UniversalSearchController.php,search,UniversalSearchService,External API,External,,,Yes,KEEP,heuristic: reachable and not flagged
GET api/search/driver,api.search.driver,Administration,any signed-in,signed-in (check in controller),app/Http/Controllers/UniversalSearchController.php,driverInfo,UniversalSearchService,External API,External,,,Yes,KEEP,heuristic: reachable and not flagged
GET api/tenant/info,tenant.info,Administration,anyone,public,Closure,__invoke,,External API,External,,,Yes,REBUILD,manual: Tenancy is half-wired (TenancyModuleTest fails); finish or remove
GET api/v1/docs,api.v1.docs,Administration,anyone,public,app/Http/Controllers/Api/V1/DocsApiController.php,ui,ApiVersionManager,External API,UI,Yes,,Yes,MERGE,heuristic: App\Http\Controllers\Api\V1\DocsApiController@ui is bound to 3 routes
GET api/v1/features,api.v1.features.index,Administration,any signed-in,signed-in (check in controller),app/Http/Controllers/Api/V1/FeatureFlagApiController.php,index,FeatureFlagService,External API,External,,,Yes,REMOVE,manual: Platform showcase endpoints; widen the attack surface
GET api/v1/features/catalog,api.v1.features.catalog,Administration,any signed-in,signed-in (check in controller),app/Http/Controllers/Api/V1/FeatureFlagApiController.php,catalog,FeatureFlagService,External API,External,,,Yes,REMOVE,manual: Platform showcase endpoints; widen the attack surface
GET api/v1/health,api.v1.health,Administration,anyone,public,app/Http/Controllers/Api/V1/MonitoringApiController.php,health,,External API,External,Yes,,Yes,MERGE,heuristic: App\Http\Controllers\Api\V1\MonitoringApiController@health is bound to 3 routes
GET api/v1/metrics,api.v1.metrics,Administration,SA,operatePlatform,app/Http/Controllers/Api/V1/MonitoringApiController.php,metrics,,External API,External,,,Yes,KEEP,heuristic: reachable and not flagged
GET api/v1/observability/audit-logs,api.v1.observability.audit-logs,Administration,SA,operatePlatform,app/Http/Controllers/Api/V1/ObservabilityApiController.php,auditLogs,ObservabilityService,Demo,External,,Yes,No,REMOVE,manual: Platform showcase endpoints; widen the attack surface
GET api/v1/observability/errors,api.v1.observability.errors,Administration,SA,operatePlatform,app/Http/Controllers/Api/V1/ObservabilityApiController.php,errors,ObservabilityService,Demo,External,,Yes,No,REMOVE,manual: Platform showcase endpoints; widen the attack surface
GET api/v1/observability/health,api.v1.observability.health,Administration,SA,operatePlatform,app/Http/Controllers/Api/V1/ObservabilityApiController.php,health,ObservabilityService,Demo,External,,Yes,No,REMOVE,manual: Platform showcase endpoints; widen the attack surface
GET api/v1/observability/logs,api.v1.observability.logs,Administration,SA,operatePlatform,app/Http/Controllers/Api/V1/ObservabilityApiController.php,logs,ObservabilityService,Demo,External,,Yes,No,REMOVE,manual: Platform showcase endpoints; widen the attack surface
GET api/v1/observability/performance,api.v1.observability.performance,Administration,SA,operatePlatform,app/Http/Controllers/Api/V1/ObservabilityApiController.php,performance,ObservabilityService,Demo,External,,Yes,No,REMOVE,manual: Platform showcase endpoints; widen the attack surface
GET api/v1/observability/queue-metrics,api.v1.observability.queue-metrics,Administration,SA,operatePlatform,app/Http/Controllers/Api/V1/ObservabilityApiController.php,queueMetrics,ObservabilityService,Demo,External,,Yes,No,REMOVE,manual: Platform showcase endpoints; widen the attack surface
GET api/v1/observability/status,api.v1.observability.status,Administration,SA,operatePlatform,app/Http/Controllers/Api/V1/ObservabilityApiController.php,status,ObservabilityService,Demo,External,,Yes,No,REMOVE,manual: Platform showcase endpoints; widen the attack surface
GET api/v1/octane/servers,api.v1.octane.servers,Administration,SA,operatePlatform,app/Http/Controllers/Api/V1/OctaneApiController.php,servers,OctanePerformanceService,Demo,External,,Yes,No,REMOVE,manual: Platform showcase endpoints; widen the attack surface
GET api/v1/octane/status,api.v1.octane.status,Administration,SA,operatePlatform,app/Http/Controllers/Api/V1/OctaneApiController.php,status,OctanePerformanceService,Demo,External,,Yes,No,REMOVE,manual: Platform showcase endpoints; widen the attack surface
GET api/v1/octane/suitability,api.v1.octane.suitability,Administration,SA,operatePlatform,app/Http/Controllers/Api/V1/OctaneApiController.php,suitability,OctanePerformanceService,Demo,External,,Yes,No,REMOVE,manual: Platform showcase endpoints; widen the attack surface
GET api/v1/openapi.json,api.v1.openapi,Administration,anyone,public,app/Http/Controllers/Api/V1/DocsApiController.php,openApiJson,ApiVersionManager,External API,External,Yes,,Yes,MERGE,heuristic: App\Http\Controllers\Api\V1\DocsApiController@openApiJson is bound to 3 routes
GET api/v1/query-meta,api.v1.query.meta,Administration,any signed-in,signed-in (check in controller),app/Http/Controllers/Api/QueryApiController.php,meta,ApiQueryService,External API,UI,,,Yes,KEEP,heuristic: reachable and not flagged
GET api/v1/query/{entity},api.v1.query.entity,Administration,any signed-in,signed-in (check in controller),app/Http/Controllers/Api/QueryApiController.php,query,ApiQueryService,External API,External,,,Yes,KEEP,heuristic: reachable and not flagged
GET api/v1/queues/horizon-status,api.v1.queues.horizon-status,Administration,SA,operatePlatform,app/Http/Controllers/Api/V1/QueueApiController.php,horizonStatus,QueueMonitoringService,External API,External,,,Yes,REMOVE,manual: Platform showcase endpoints; widen the attack surface
GET api/v1/queues/jobs,api.v1.queues.jobs,Administration,SA,operatePlatform,app/Http/Controllers/Api/V1/QueueApiController.php,jobs,QueueMonitoringService,External API,External,,,Yes,REMOVE,manual: Platform showcase endpoints; widen the attack surface
GET api/v1/queues/stats,api.v1.queues.stats,Administration,SA,operatePlatform,app/Http/Controllers/Api/V1/QueueApiController.php,stats,QueueMonitoringService,External API,External,,,Yes,REMOVE,manual: Platform showcase endpoints; widen the attack surface
GET api/v1/realtime/channels,api.v1.realtime.channels,Administration,anyone,public,app/Http/Controllers/Api/V1/RealtimeApiController.php,channels,RealtimeBroadcasterService,External API,External,,,Yes,KEEP,heuristic: reachable and not flagged
GET api/v1/realtime/config,api.v1.realtime.config,Administration,anyone,public,app/Http/Controllers/Api/V1/RealtimeApiController.php,config,RealtimeBroadcasterService,External API,External,,,Yes,KEEP,heuristic: reachable and not flagged
GET api/v1/transactions,api.v1.transactions,Administration,any signed-in,signed-in (check in controller),app/Http/Controllers/Api/QueryApiController.php,transactions,ApiQueryService,External API,External,,,Yes,KEEP,heuristic: reachable and not flagged
GET api/v1/version,api.v1.version,Administration,anyone,public,app/Http/Controllers/Api/V1/VersionApiController.php,show,ApiVersionManager,External API,External,Yes,,Yes,MERGE,heuristic: App\Http\Controllers\Api\V1\VersionApiController@show is bound to 3 routes
GET api/v2/docs,api.v2.docs,Administration,anyone,public,app/Http/Controllers/Api/V1/DocsApiController.php,ui,ApiVersionManager,External API,UI,Yes,,Yes,MERGE,heuristic: App\Http\Controllers\Api\V1\DocsApiController@ui is bound to 3 routes
GET api/v2/health,api.v2.health,Administration,anyone,public,app/Http/Controllers/Api/V1/MonitoringApiController.php,health,,External API,External,Yes,,Yes,MERGE,heuristic: App\Http\Controllers\Api\V1\MonitoringApiController@health is bound to 3 routes
GET api/v2/openapi.json,api.v2.openapi,Administration,anyone,public,app/Http/Controllers/Api/V1/DocsApiController.php,openApiJson,ApiVersionManager,External API,External,Yes,,Yes,MERGE,heuristic: App\Http\Controllers\Api\V1\DocsApiController@openApiJson is bound to 3 routes
GET api/v2/version,api.v2.version,Administration,anyone,public,app/Http/Controllers/Api/V1/VersionApiController.php,show,ApiVersionManager,External API,External,Yes,,Yes,MERGE,heuristic: App\Http\Controllers\Api\V1\VersionApiController@show is bound to 3 routes
GET api/version,api.version,Administration,anyone,public,app/Http/Controllers/Api/V1/VersionApiController.php,show,ApiVersionManager,External API,External,Yes,,Yes,MERGE,heuristic: App\Http\Controllers\Api\V1\VersionApiController@show is bound to 3 routes
GET api/versions,api.versions,Administration,anyone,public,app/Http/Controllers/Api/V1/VersionApiController.php,index,ApiVersionManager,External API,External,,,Yes,KEEP,heuristic: reachable and not flagged
GET cookies,cookies,Administration,anyone,public,app/Http/Controllers/PublicPageController.php,cookies,,Production,UI,,,Yes,KEEP,heuristic: reachable and not flagged
GET dashboard/changelog,dashboard.changelog,Administration,SA,viewAppChangelog,app/Http/Controllers/Dashboard/ChangelogController.php,index,,Production,UI,,,Yes,KEEP,heuristic: reachable and not flagged
GET filament,filament.hub,Administration,"SA, A, S",manageSecurity,app/Livewire/Filament/FilamentHub.php,__invoke,,Demo,Tests only,Yes,Yes,No,REMOVE,manual: Filament showcase hub with a role simulator; duplicates real pages
GET operations,operations.hub,Administration,"SA, A, S",manageSecurity,app/Livewire/CommunityOperationsHub.php,__invoke,,Production,UI,,,Yes,KEEP,heuristic: reachable and not flagged
GET operations/features,operations.features,Administration,SA,operatePlatform,app/Livewire/Features/FeatureFlagHub.php,__invoke,FeatureFlagService,Production,Tests only,,,Yes,KEEP,heuristic: reachable and not flagged
GET operations/observability,operations.observability,Administration,SA,operatePlatform,app/Livewire/Observability/ObservabilityHub.php,__invoke,ObservabilityService,Demo,Tests only,,Yes,No,REMOVE,heuristic: demo/showcase route
GET operations/octane,operations.octane,Administration,SA,operatePlatform,app/Livewire/Performance/OctanePerformanceHub.php,__invoke,OctanePerformanceService,Demo,Tests only,,Yes,No,REMOVE,heuristic: demo/showcase route
GET operations/queues,operations.queues,Administration,SA,operatePlatform,app/Livewire/Queue/HorizonQueueHub.php,__invoke,QueueMonitoringService,Production,UI,,,Yes,KEEP,heuristic: reachable and not flagged
GET operations/realtime,operations.realtime-hub,Administration,"SA, A, S",manageSecurity,app/Livewire/Realtime/RealtimeOperationsHub.php,__invoke,RealtimeBroadcasterService,Production,Tests only,,,Yes,KEEP,heuristic: reachable and not flagged
GET operations/ui-kit,operations.ui-kit,Administration,any signed-in,signed-in (check in controller),app/Livewire/Components/UiShowcase.php,__invoke,,Demo,Tests only,,Yes,No,REMOVE,heuristic: demo/showcase route
GET portal,filament.portal,Administration,"SA, A, S",manageSecurity,app/Livewire/Filament/FilamentHub.php,__invoke,,Demo,UI,Yes,Yes,No,REMOVE,manual: Filament showcase hub with a role simulator; duplicates real pages
GET privacy,privacy,Administration,anyone,public,app/Http/Controllers/PublicPageController.php,privacy,,Production,UI,,,Yes,KEEP,heuristic: reachable and not flagged
GET refunds,refunds,Administration,anyone,public,app/Http/Controllers/PublicPageController.php,refunds,,Production,UI,,,Yes,KEEP,heuristic: reachable and not flagged
GET search,search.index,Administration,any signed-in,signed-in (check in controller),app/Http/Controllers/UniversalSearchController.php,index,UniversalSearchService,Production,UI,,,Yes,KEEP,heuristic: reachable and not flagged
GET tenant-app,tenant.home,Administration,anyone,public,Closure,__invoke,,Production,No caller found,,,Yes,REMOVE,heuristic: page/endpoint no screen or test reaches (verify)
GET terms,terms,Administration,anyone,public,app/Http/Controllers/PublicPageController.php,terms,,Production,UI,,,Yes,KEEP,heuristic: reachable and not flagged
POST api/v1/features/activate,api.v1.features.activate,Administration,SA,operatePlatform,app/Http/Controllers/Api/V1/FeatureFlagApiController.php,activate,FeatureFlagService,Demo,External,,Yes,No,REMOVE,manual: Platform showcase endpoints; widen the attack surface
POST api/v1/features/check,api.v1.features.check,Administration,any signed-in,signed-in (check in controller),app/Http/Controllers/Api/V1/FeatureFlagApiController.php,check,FeatureFlagService,External API,External,,,Yes,REMOVE,manual: Platform showcase endpoints; widen the attack surface
POST api/v1/features/deactivate,api.v1.features.deactivate,Administration,SA,operatePlatform,app/Http/Controllers/Api/V1/FeatureFlagApiController.php,deactivate,FeatureFlagService,Demo,External,,Yes,No,REMOVE,manual: Platform showcase endpoints; widen the attack surface
POST api/v1/features/purge,api.v1.features.purge,Administration,SA,operatePlatform,app/Http/Controllers/Api/V1/FeatureFlagApiController.php,purge,FeatureFlagService,Demo,External,,Yes,No,REMOVE,manual: Platform showcase endpoints; widen the attack surface
POST api/v1/features/simulate,api.v1.features.simulate,Administration,SA,operatePlatform,app/Http/Controllers/Api/V1/FeatureFlagApiController.php,simulate,FeatureFlagService,Demo,External,,Yes,No,REMOVE,manual: Platform showcase endpoints; widen the attack surface
POST api/v1/observability/errors/{id}/resolve,api.v1.observability.resolve-error,Administration,SA,operatePlatform,app/Http/Controllers/Api/V1/ObservabilityApiController.php,resolveError,ObservabilityService,Demo,External,,Yes,No,REMOVE,manual: Platform showcase endpoints; widen the attack surface
POST api/v1/observability/simulate-error,api.v1.observability.simulate-error,Administration,SA,operatePlatform,app/Http/Controllers/Api/V1/ObservabilityApiController.php,simulateError,ObservabilityService,Demo,External,,Yes,No,REMOVE,manual: Platform showcase endpoints; widen the attack surface
POST api/v1/observability/write-audit,api.v1.observability.write-audit,Administration,SA,operatePlatform,app/Http/Controllers/Api/V1/ObservabilityApiController.php,writeAudit,ObservabilityService,Demo,External,,Yes,No,REMOVE,manual: Platform showcase endpoints; widen the attack surface
POST api/v1/octane/benchmark-concurrency,api.v1.octane.benchmark-concurrency,Administration,SA,operatePlatform,app/Http/Controllers/Api/V1/OctaneApiController.php,benchmarkConcurrency,OctanePerformanceService,Demo,External,,Yes,No,REMOVE,manual: Platform showcase endpoints; widen the attack surface
POST api/v1/queues/dispatch,api.v1.queues.dispatch,Administration,SA,operatePlatform,app/Http/Controllers/Api/V1/QueueApiController.php,dispatchJob,QueueMonitoringService,Demo,External,,Yes,No,REMOVE,manual: Platform showcase endpoints; widen the attack surface
POST api/v1/webhooks/incoming/{service},api.v1.webhooks.incoming,Administration,anyone,public,app/Http/Controllers/Api/V1/WebhookApiController.php,incoming,WebhookDispatcherService,External API,External,,,Yes,KEEP,heuristic: reachable and not flagged
POST api/webhooks/{provider},webhooks.provider,Administration,anyone,public,app/Http/Controllers/ProviderWebhookController.php,__invoke,HandlesWebhooks; ProviderRegistry,External API,UI,,,Yes,KEEP,heuristic: reachable and not flagged
POST dashboard/changelog,dashboard.changelog.store,Administration,SA,viewAppChangelog,app/Http/Controllers/Dashboard/ChangelogController.php,store,,Production,UI,,,Yes,KEEP,heuristic: reachable and not flagged
DELETE api/v1/payments/subscriptions/{id},api.v1.payments.subscriptions.cancel,Billing,any signed-in,signed-in (check in controller),app/Http/Controllers/Api/V1/ModularPaymentApiController.php,cancelSubscription,CheckoutSessionRequest; CustomerPortalRequest; PaymentGatewayManager; SubscriptionRequest,External API,External,,,Yes,KEEP,heuristic: reachable and not flagged
DELETE api/v1/webhooks/subscriptions/{subscription},api.v1.webhooks.subscriptions.destroy,Billing,SA,operatePlatform,app/Http/Controllers/Api/V1/WebhookApiController.php,destroy,WebhookDispatcherService,External API,External,,,Yes,KEEP,heuristic: reachable and not flagged
DELETE dashboard/deals/businesses/{business},dashboard.deals.businesses.destroy,Billing,"SA, A",manageUsers,app/Http/Controllers/Dashboard/DealsController.php,destroyBusiness,,Production,No caller found,,,Yes,REMOVE,heuristic: no caller in the UI or tests (verify before removing)
DELETE dashboard/deals/food-apps/{foodApp},dashboard.deals.food-apps.destroy,Billing,"SA, A",manageUsers,app/Http/Controllers/Dashboard/DealsController.php,destroyFoodApp,,Production,UI,,,Yes,KEEP,heuristic: reachable and not flagged
DELETE dashboard/deals/vouchers/{voucher},dashboard.deals.vouchers.destroy,Billing,"SA, A",manageUsers,app/Http/Controllers/Dashboard/DealsController.php,destroyVoucher,,Production,UI,,,Yes,KEEP,heuristic: reachable and not flagged
GET api/v1/payments/modules,api.v1.payments.modules,Billing,anyone,public,app/Http/Controllers/Api/V1/ModularPaymentApiController.php,modules,CheckoutSessionRequest; CustomerPortalRequest; PaymentGatewayManager; SubscriptionRequest,External API,External,,,Yes,KEEP,heuristic: reachable and not flagged
GET api/v1/webhooks/subscriptions,api.v1.webhooks.subscriptions.index,Billing,SA,operatePlatform,app/Http/Controllers/Api/V1/WebhookApiController.php,index,WebhookDispatcherService,External API,External,,,Yes,KEEP,heuristic: reachable and not flagged
GET api/v1/webhooks/subscriptions/{subscription},api.v1.webhooks.subscriptions.show,Billing,SA,operatePlatform,app/Http/Controllers/Api/V1/WebhookApiController.php,show,WebhookDispatcherService,External API,External,,,Yes,KEEP,heuristic: reachable and not flagged
GET dashboard/billing,dashboard.billing,Billing,"SA, A, H, T",accessBilling,app/Http/Controllers/Dashboard/BillingController.php,index,LedgerService; PaymentOrchestratorService; PaymentRequest; ProviderRegistry; StripePaymentService; TakesInPersonPayments,Production,UI,,,Yes,KEEP,heuristic: reachable and not flagged
GET dashboard/billing/export-transactions,dashboard.billing.transactions.export.alias,Billing,"SA, A, H, T; SA, A","accessBilling, manageBilling",app/Http/Controllers/Dashboard/BillingController.php,exportTransactions,LedgerService; PaymentOrchestratorService; PaymentRequest; ProviderRegistry; StripePaymentService; TakesInPersonPayments,Production,UI,Yes,,Yes,MERGE,heuristic: App\Http\Controllers\Dashboard\BillingController@exportTransactions is bound to 2 routes
GET dashboard/billing/export/transactions,dashboard.billing.transactions.export,Billing,"SA, A, H, T; SA, A","accessBilling, manageBilling",app/Http/Controllers/Dashboard/BillingController.php,exportTransactions,LedgerService; PaymentOrchestratorService; PaymentRequest; ProviderRegistry; StripePaymentService; TakesInPersonPayments,Production,UI,Yes,,Yes,MERGE,heuristic: App\Http\Controllers\Dashboard\BillingController@exportTransactions is bound to 2 routes
GET dashboard/billing/gateway-hub,dashboard.billing.gateway-hub,Billing,"SA, A, H, T; SA, A","accessBilling, manageBilling",app/Livewire/Payments/PaymentGatewayHub.php,__invoke,CheckoutSessionRequest; PaymentGatewayManager; SubscriptionRequest,Production,No caller found,,,Yes,REMOVE,heuristic: page/endpoint no screen or test reaches (verify)
GET dashboard/billing/invoices/{invoice}/pdf,dashboard.billing.invoice.pdf,Billing,"SA, A, H, T",accessBilling,app/Http/Controllers/PdfController.php,downloadInvoice,QrCodePng,Production,UI,,,Yes,KEEP,heuristic: reachable and not flagged
GET dashboard/billing/invoices/{invoice}/stripe-cancel,dashboard.billing.stripe.cancel,Billing,"SA, A, H, T",accessBilling,app/Http/Controllers/Dashboard/StripeCheckoutController.php,cancel,StripePaymentService,Production,UI,,,Yes,KEEP,heuristic: reachable and not flagged
GET dashboard/billing/invoices/{invoice}/stripe-success,dashboard.billing.stripe.success,Billing,"SA, A, H, T",accessBilling,app/Http/Controllers/Dashboard/StripeCheckoutController.php,success,StripePaymentService,Production,UI,,,Yes,KEEP,heuristic: reachable and not flagged
GET dashboard/billing/transactions/{transaction}/receipt,dashboard.billing.transactions.receipt,Billing,"SA, A, H, T",accessBilling,app/Http/Controllers/Dashboard/BillingController.php,downloadReceipt,LedgerService; PaymentOrchestratorService; PaymentRequest; ProviderRegistry; StripePaymentService; TakesInPersonPayments,Production,UI,,,Yes,KEEP,heuristic: reachable and not flagged
GET dashboard/deals,dashboard.deals,Billing,"SA, A, S, H, T",accessEstateInformation,app/Http/Controllers/Dashboard/DealsController.php,index,,Production,UI,,,Yes,KEEP,heuristic: reachable and not flagged
GET dashboard/fundraising,dashboard.fundraising,Billing,"SA, A, H, T",accessCommunityLife,app/Http/Controllers/Dashboard/FundraisingController.php,index,PaymentOrchestratorService; PaymentRequest; ProviderRegistry; StripePaymentService,Production,UI,,,Yes,KEEP,heuristic: reachable and not flagged
GET dashboard/fundraising/donation/{donation}/receipt,dashboard.fundraising.donation.receipt.alias,Billing,"SA, A, H, T",accessCommunityLife,app/Http/Controllers/Dashboard/FundraisingController.php,receipt,PaymentOrchestratorService; PaymentRequest; ProviderRegistry; StripePaymentService,Production,Tests only,Yes,,Yes,MERGE,heuristic: App\Http\Controllers\Dashboard\FundraisingController@receipt is bound to 2 routes
GET dashboard/fundraising/donations/{donation}/receipt,dashboard.fundraising.donation.receipt,Billing,"SA, A, H, T",accessCommunityLife,app/Http/Controllers/Dashboard/FundraisingController.php,receipt,PaymentOrchestratorService; PaymentRequest; ProviderRegistry; StripePaymentService,Production,UI,Yes,,Yes,MERGE,heuristic: App\Http\Controllers\Dashboard\FundraisingController@receipt is bound to 2 routes
GET dashboard/fundraising/export/donations,dashboard.fundraising.donations.export,Billing,"SA, A, H, T; SA, A","accessCommunityLife, manageFundraisers",app/Http/Controllers/Dashboard/FundraisingController.php,exportDonations,PaymentOrchestratorService; PaymentRequest; ProviderRegistry; StripePaymentService,Production,UI,,,Yes,KEEP,heuristic: reachable and not flagged
GET dashboard/fundraising/{fundraiser}/donate/stripe-cancel,dashboard.fundraising.donate.stripe.cancel,Billing,"SA, A, H, T",accessCommunityLife,app/Http/Controllers/Dashboard/FundraisingController.php,donationStripeCancel,PaymentOrchestratorService; PaymentRequest; ProviderRegistry; StripePaymentService,Production,UI,,,Yes,KEEP,heuristic: reachable and not flagged
GET dashboard/fundraising/{fundraiser}/donate/stripe-success,dashboard.fundraising.donate.stripe.success,Billing,"SA, A, H, T",accessCommunityLife,app/Http/Controllers/Dashboard/FundraisingController.php,donationStripeSuccess,PaymentOrchestratorService; PaymentRequest; ProviderRegistry; StripePaymentService,Production,UI,,,Yes,KEEP,heuristic: reachable and not flagged
GET dashboard/payments/{payment}/return,dashboard.payments.return,Billing,any signed-in,signed-in (check in controller),app/Http/Controllers/Dashboard/PaymentReturnController.php,__invoke,ConfirmsReturns; ProviderRegistry,Production,UI,,,Yes,KEEP,heuristic: reachable and not flagged
GET p/{token},pay.short,Billing,anyone,public,app/Http/Controllers/UniversalPaymentLinkController.php,show,PaymentOrchestratorService; QrCodePng,Production,UI,Yes,,Yes,MERGE,heuristic: App\Http\Controllers\UniversalPaymentLinkController@show is bound to 2 routes
GET pay/{token},pay.show,Billing,anyone,public,app/Http/Controllers/UniversalPaymentLinkController.php,show,PaymentOrchestratorService; QrCodePng,Production,Tests only,Yes,,Yes,MERGE,heuristic: App\Http\Controllers\UniversalPaymentLinkController@show is bound to 2 routes
GET pay/{token}/poster,pay.poster,Billing,anyone,public,app/Http/Controllers/UniversalPaymentLinkController.php,poster,PaymentOrchestratorService; QrCodePng,Production,UI,,,Yes,KEEP,heuristic: reachable and not flagged
PATCH dashboard/billing/settings,dashboard.billing.settings.update,Billing,"SA, A, H, T; SA, A","accessBilling, manageBilling",app/Http/Controllers/Dashboard/BillingController.php,updateSettings,LedgerService; PaymentOrchestratorService; PaymentRequest; ProviderRegistry; StripePaymentService; TakesInPersonPayments,Production,UI,,,Yes,KEEP,heuristic: reachable and not flagged
PATCH dashboard/fundraising/{fundraiser},dashboard.fundraising.update,Billing,"SA, A, H, T; SA, A","accessCommunityLife, manageFundraisers",app/Http/Controllers/Dashboard/FundraisingController.php,update,PaymentOrchestratorService; PaymentRequest; ProviderRegistry; StripePaymentService,Production,UI,,,Yes,KEEP,heuristic: reachable and not flagged
POST api/v1/payments/billing-portal,api.v1.payments.billing-portal,Billing,any signed-in,signed-in (check in controller),app/Http/Controllers/Api/V1/ModularPaymentApiController.php,createBillingPortalSession,CheckoutSessionRequest; CustomerPortalRequest; PaymentGatewayManager; SubscriptionRequest,External API,UI,,,Yes,KEEP,heuristic: reachable and not flagged
POST api/v1/payments/checkout-session,api.v1.payments.checkout-session,Billing,any signed-in,signed-in (check in controller),app/Http/Controllers/Api/V1/ModularPaymentApiController.php,createCheckoutSession,CheckoutSessionRequest; CustomerPortalRequest; PaymentGatewayManager; SubscriptionRequest,External API,External,,,Yes,KEEP,heuristic: reachable and not flagged
POST api/v1/payments/coupons/validate,api.v1.payments.coupons.validate,Billing,any signed-in,signed-in (check in controller),app/Http/Controllers/Api/V1/ModularPaymentApiController.php,validateCoupon,CheckoutSessionRequest; CustomerPortalRequest; PaymentGatewayManager; SubscriptionRequest,External API,External,,,Yes,KEEP,heuristic: reachable and not flagged
POST api/v1/payments/subscriptions,api.v1.payments.subscriptions,Billing,any signed-in,signed-in (check in controller),app/Http/Controllers/Api/V1/ModularPaymentApiController.php,createSubscription,CheckoutSessionRequest; CustomerPortalRequest; PaymentGatewayManager; SubscriptionRequest,External API,External,,,Yes,KEEP,heuristic: reachable and not flagged
POST api/v1/webhooks/subscriptions,api.v1.webhooks.subscriptions.store,Billing,SA,operatePlatform,app/Http/Controllers/Api/V1/WebhookApiController.php,store,WebhookDispatcherService,External API,External,,,Yes,KEEP,heuristic: reachable and not flagged
POST api/v1/webhooks/subscriptions/{subscription}/test,api.v1.webhooks.subscriptions.test,Billing,SA,operatePlatform,app/Http/Controllers/Api/V1/WebhookApiController.php,test,WebhookDispatcherService,External API,External,,,Yes,KEEP,heuristic: reachable and not flagged
POST api/webhooks/payments/{provider},webhooks.payments.provider,Billing,anyone,public,app/Http/Controllers/UniversalPaymentWebhookController.php,__invoke,UniversalPaymentWebhookService,External API,External,,,Yes,KEEP,heuristic: reachable and not flagged
POST api/webhooks/stripe,webhooks.stripe,Billing,anyone,public,app/Http/Controllers/StripeWebhookController.php,__invoke,StripePaymentService,External API,UI,,,Yes,KEEP,heuristic: reachable and not flagged
POST dashboard/billing/card-pay,dashboard.billing.card-pay,Billing,"SA, A, H, T",accessBilling,app/Http/Controllers/Dashboard/BillingController.php,processCardPayment,LedgerService; PaymentOrchestratorService; PaymentRequest; ProviderRegistry; StripePaymentService; TakesInPersonPayments,Production,UI,,,Yes,KEEP,heuristic: reachable and not flagged
POST dashboard/billing/channels/{channel}/toggle,dashboard.billing.channels.toggle,Billing,"SA, A, H, T; SA, A","accessBilling, manageBilling",app/Http/Controllers/Dashboard/BillingController.php,toggleChannel,LedgerService; PaymentOrchestratorService; PaymentRequest; ProviderRegistry; StripePaymentService; TakesInPersonPayments,Production,UI,,,Yes,KEEP,heuristic: reachable and not flagged
POST dashboard/billing/channels/{channel}/validate,dashboard.billing.channels.validate,Billing,"SA, A, H, T; SA, A","accessBilling, manageBilling",app/Http/Controllers/Dashboard/BillingController.php,validateChannel,LedgerService; PaymentOrchestratorService; PaymentRequest; ProviderRegistry; StripePaymentService; TakesInPersonPayments,Production,UI,,,Yes,KEEP,heuristic: reachable and not flagged
POST dashboard/billing/invoices/{invoice}/pay,dashboard.billing.invoices.pay,Billing,"SA, A, H, T; SA, A","accessBilling, manageBilling",app/Http/Controllers/Dashboard/BillingController.php,markPaid,LedgerService; PaymentOrchestratorService; PaymentRequest; ProviderRegistry; StripePaymentService; TakesInPersonPayments,Production,UI,,,Yes,KEEP,heuristic: reachable and not flagged
POST dashboard/billing/invoices/{invoice}/stripe-checkout,dashboard.billing.stripe.checkout,Billing,"SA, A, H, T",accessBilling,app/Http/Controllers/Dashboard/StripeCheckoutController.php,checkout,StripePaymentService,Production,UI,,,Yes,KEEP,heuristic: reachable and not flagged
POST dashboard/billing/pay,dashboard.billing.pay,Billing,"SA, A, H, T",accessBilling,app/Http/Controllers/Dashboard/BillingController.php,pay,LedgerService; PaymentOrchestratorService; PaymentRequest; ProviderRegistry; StripePaymentService; TakesInPersonPayments,Production,UI,,,Yes,KEEP,heuristic: reachable and not flagged
POST dashboard/billing/payment-links,dashboard.billing.payment-links.store,Billing,"SA, A, H, T",accessBilling,app/Http/Controllers/Dashboard/BillingController.php,storePaymentLink,LedgerService; PaymentOrchestratorService; PaymentRequest; ProviderRegistry; StripePaymentService; TakesInPersonPayments,Production,UI,,,Yes,KEEP,heuristic: reachable and not flagged
POST dashboard/billing/payment-plans,dashboard.billing.payment-plans.store,Billing,"SA, A, H, T; SA, A","accessBilling, manageBilling",app/Http/Controllers/Dashboard/BillingController.php,storePaymentPlan,LedgerService; PaymentOrchestratorService; PaymentRequest; ProviderRegistry; StripePaymentService; TakesInPersonPayments,Production,UI,,,Yes,KEEP,heuristic: reachable and not flagged
POST dashboard/billing/payments/{payment}/receive,dashboard.billing.payments.receive,Billing,"SA, A, H, T; SA, A","accessBilling, manageBilling",app/Http/Controllers/Dashboard/BillingController.php,receivePayment,LedgerService; PaymentOrchestratorService; PaymentRequest; ProviderRegistry; StripePaymentService; TakesInPersonPayments,Production,UI,,,Yes,KEEP,heuristic: reachable and not flagged
POST dashboard/billing/payments/{payment}/reject,dashboard.billing.payments.reject,Billing,"SA, A, H, T; SA, A","accessBilling, manageBilling",app/Http/Controllers/Dashboard/BillingController.php,rejectPayment,LedgerService; PaymentOrchestratorService; PaymentRequest; ProviderRegistry; StripePaymentService; TakesInPersonPayments,Production,UI,,,Yes,KEEP,heuristic: reachable and not flagged
POST dashboard/billing/portal,dashboard.billing.portal,Billing,"SA, A, H, T",accessBilling,app/Http/Controllers/Dashboard/BillingController.php,customerPortal,LedgerService; PaymentOrchestratorService; PaymentRequest; ProviderRegistry; StripePaymentService; TakesInPersonPayments,Production,UI,,,Yes,KEEP,heuristic: reachable and not flagged
POST dashboard/billing/prorate,dashboard.billing.prorate,Billing,"SA, A, H, T",accessBilling,app/Http/Controllers/Dashboard/BillingController.php,calculateProration,LedgerService; PaymentOrchestratorService; PaymentRequest; ProviderRegistry; StripePaymentService; TakesInPersonPayments,Production,Tests only,,,Yes,KEEP,heuristic: reachable and not flagged
POST dashboard/billing/reconciliations,dashboard.billing.reconciliations.store,Billing,"SA, A, H, T; SA, A","accessBilling, manageBilling",app/Http/Controllers/Dashboard/BillingController.php,storeReconciliation,LedgerService; PaymentOrchestratorService; PaymentRequest; ProviderRegistry; StripePaymentService; TakesInPersonPayments,Production,UI,,,Yes,KEEP,heuristic: reachable and not flagged
POST dashboard/billing/terminals,dashboard.billing.terminals.store,Billing,"SA, A, H, T; SA, A","accessBilling, manageBilling",app/Http/Controllers/Dashboard/BillingController.php,registerTerminal,LedgerService; PaymentOrchestratorService; PaymentRequest; ProviderRegistry; StripePaymentService; TakesInPersonPayments,Production,UI,,,Yes,KEEP,heuristic: reachable and not flagged
POST dashboard/billing/terminals/charge,dashboard.billing.terminals.charge,Billing,"SA, A, H, T; SA, A","accessBilling, manageBilling",app/Http/Controllers/Dashboard/BillingController.php,chargeOnTerminal,LedgerService; PaymentOrchestratorService; PaymentRequest; ProviderRegistry; StripePaymentService; TakesInPersonPayments,Production,UI,,,Yes,KEEP,heuristic: reachable and not flagged
POST dashboard/billing/terminals/payments/{payment}/cancel,dashboard.billing.terminals.cancel,Billing,"SA, A, H, T; SA, A","accessBilling, manageBilling",app/Http/Controllers/Dashboard/BillingController.php,cancelOnTerminal,LedgerService; PaymentOrchestratorService; PaymentRequest; ProviderRegistry; StripePaymentService; TakesInPersonPayments,Production,UI,,,Yes,KEEP,heuristic: reachable and not flagged
POST dashboard/billing/terminals/payments/{payment}/retry,dashboard.billing.terminals.retry,Billing,"SA, A, H, T; SA, A","accessBilling, manageBilling",app/Http/Controllers/Dashboard/BillingController.php,retryOnTerminal,LedgerService; PaymentOrchestratorService; PaymentRequest; ProviderRegistry; StripePaymentService; TakesInPersonPayments,Production,UI,,,Yes,KEEP,heuristic: reachable and not flagged
POST dashboard/billing/terminals/{terminal}/retire,dashboard.billing.terminals.retire,Billing,"SA, A, H, T; SA, A","accessBilling, manageBilling",app/Http/Controllers/Dashboard/BillingController.php,retireTerminal,LedgerService; PaymentOrchestratorService; PaymentRequest; ProviderRegistry; StripePaymentService; TakesInPersonPayments,Production,UI,,,Yes,KEEP,heuristic: reachable and not flagged
POST dashboard/billing/transactions/initiate,dashboard.billing.transactions.initiate,Billing,"SA, A, H, T",accessBilling,app/Http/Controllers/Dashboard/BillingController.php,initiatePayment,LedgerService; PaymentOrchestratorService; PaymentRequest; ProviderRegistry; StripePaymentService; TakesInPersonPayments,Production,UI,,,Yes,KEEP,heuristic: reachable and not flagged
POST dashboard/billing/transactions/{transaction}/refund,dashboard.billing.transactions.refund,Billing,"SA, A, H, T; SA, A","accessBilling, manageBilling",app/Http/Controllers/Dashboard/StripeCheckoutController.php,refund,StripePaymentService,Production,UI,,,Yes,KEEP,heuristic: reachable and not flagged
POST dashboard/deals/businesses,dashboard.deals.businesses.store,Billing,"SA, A",manageUsers,app/Http/Controllers/Dashboard/DealsController.php,storeBusiness,,Production,No caller found,,,Yes,REMOVE,heuristic: no caller in the UI or tests (verify before removing)
POST dashboard/deals/food-apps,dashboard.deals.food-apps.store,Billing,"SA, A",manageUsers,app/Http/Controllers/Dashboard/DealsController.php,storeFoodApp,,Production,UI,,,Yes,KEEP,heuristic: reachable and not flagged
POST dashboard/deals/vouchers,dashboard.deals.vouchers.store,Billing,"SA, A",manageUsers,app/Http/Controllers/Dashboard/DealsController.php,storeVoucher,,Production,UI,,,Yes,KEEP,heuristic: reachable and not flagged
POST dashboard/fundraising,dashboard.fundraising.store,Billing,"SA, A, H, T; SA, A","accessCommunityLife, manageFundraisers",app/Http/Controllers/Dashboard/FundraisingController.php,store,PaymentOrchestratorService; PaymentRequest; ProviderRegistry; StripePaymentService,Production,UI,,,Yes,KEEP,heuristic: reachable and not flagged
POST dashboard/fundraising/donations/{donation}/refund,dashboard.fundraising.donations.refund,Billing,"SA, A, H, T; SA, A","accessCommunityLife, manageFundraisers",app/Http/Controllers/Dashboard/FundraisingController.php,refund,PaymentOrchestratorService; PaymentRequest; ProviderRegistry; StripePaymentService,Production,UI,,,Yes,KEEP,heuristic: reachable and not flagged
POST dashboard/fundraising/{fundraiser}/donate,dashboard.fundraising.donate,Billing,"SA, A, H, T",accessCommunityLife,app/Http/Controllers/Dashboard/FundraisingController.php,donate,PaymentOrchestratorService; PaymentRequest; ProviderRegistry; StripePaymentService,Production,UI,,,Yes,KEEP,heuristic: reachable and not flagged
POST dashboard/fundraising/{fundraiser}/updates,dashboard.fundraising.updates.store,Billing,"SA, A, H, T; SA, A","accessCommunityLife, manageFundraisers",app/Http/Controllers/Dashboard/FundraisingController.php,addUpdate,PaymentOrchestratorService; PaymentRequest; ProviderRegistry; StripePaymentService,Production,UI,,,Yes,KEEP,heuristic: reachable and not flagged
POST dashboard/profile/payment-preferences,dashboard.profile.payment-preferences,Billing,any signed-in,signed-in (check in controller),app/Http/Controllers/Dashboard/ProfileController.php,updatePaymentPreferences,GatePassEngine,Production,UI,,,Yes,KEEP,heuristic: reachable and not flagged
POST pay/{token}/process,pay.process,Billing,anyone,public,app/Http/Controllers/UniversalPaymentLinkController.php,process,PaymentOrchestratorService; QrCodePng,Production,UI,,,Yes,KEEP,heuristic: reachable and not flagged
POST|PATCH dashboard/billing/autopay,dashboard.billing.autopay,Billing,"SA, A, H, T",accessBilling,app/Http/Controllers/Dashboard/BillingController.php,updateAutoPay,LedgerService; PaymentOrchestratorService; PaymentRequest; ProviderRegistry; StripePaymentService; TakesInPersonPayments,Production,Tests only,,,Yes,KEEP,heuristic: reachable and not flagged
DELETE dashboard/calendar/{communityEvent},dashboard.calendar.destroy,Communications,"SA, A, H, T",accessCommunityLife,app/Http/Controllers/Dashboard/CalendarController.php,destroy,,Production,UI,,,Yes,KEEP,heuristic: reachable and not flagged
DELETE dashboard/guidelines/{guideline},dashboard.guidelines.destroy,Communications,"SA, A",broadcastNotices,app/Http/Controllers/Dashboard/GuidelinesController.php,destroy,,Production,UI,,,Yes,KEEP,heuristic: reachable and not flagged
DELETE dashboard/warnings/{warning},dashboard.warnings.destroy,Communications,"SA, A, S",manageSecurity,app/Http/Controllers/Dashboard/WarningController.php,destroy,,Production,UI,,,Yes,KEEP,heuristic: reachable and not flagged
GET api/v1/notifications/channels,api.v1.notifications.channels,Communications,anyone,public,app/Http/Controllers/Api/V1/UniversalNotificationApiController.php,channels,NotificationMessage; NotificationRecipient; UniversalNotificationService,External API,External,,,Yes,KEEP,heuristic: reachable and not flagged
GET api/v1/notifications/deliveries,api.v1.notifications.deliveries,Communications,any signed-in,signed-in (check in controller),app/Http/Controllers/Api/V1/UniversalNotificationApiController.php,deliveries,NotificationMessage; NotificationRecipient; UniversalNotificationService,External API,External,,,Yes,KEEP,heuristic: reachable and not flagged
GET api/v1/notifications/inbox,api.v1.notifications.public-inbox,Communications,any signed-in,signed-in (check in controller),app/Http/Controllers/Api/V1/UniversalNotificationApiController.php,inbox,NotificationMessage; NotificationRecipient; UniversalNotificationService,External API,External,,,Yes,KEEP,heuristic: reachable and not flagged
GET api/v1/warnings,api.v1.warnings,Communications,any signed-in,signed-in (check in controller),app/Http/Controllers/Api/QueryApiController.php,warnings,ApiQueryService,External API,External,,,Yes,KEEP,heuristic: reachable and not flagged
GET dashboard/calendar,dashboard.calendar,Communications,"SA, A, H, T",accessCommunityLife,app/Http/Controllers/Dashboard/CalendarController.php,index,,Production,UI,,,Yes,KEEP,heuristic: reachable and not flagged
GET dashboard/feedback,dashboard.feedback,Communications,any signed-in,signed-in (check in controller),app/Http/Controllers/Dashboard/FeedbackController.php,index,,Production,UI,,,Yes,KEEP,heuristic: reachable and not flagged
GET dashboard/guidelines,dashboard.guidelines,Communications,"SA, A, S, H, T",accessEstateInformation,app/Http/Controllers/Dashboard/GuidelinesController.php,index,,Production,UI,,,Yes,KEEP,heuristic: reachable and not flagged
GET dashboard/notifications,dashboard.notifications,Communications,any signed-in,signed-in (check in controller),app/Http/Controllers/Dashboard/NotificationController.php,index,NotificationEngine; NotificationTargetingService; SmsService; WhatsAppService,Production,UI,,,Yes,KEEP,heuristic: reachable and not flagged
GET dashboard/notifications/hub,dashboard.notifications.universal-hub,Communications,any signed-in,signed-in (check in controller),app/Livewire/Notifications/UniversalNotificationHub.php,__invoke,NotificationMessage; NotificationRecipient; UniversalNotificationService,Production,No caller found,,,Yes,REMOVE,heuristic: page/endpoint no screen or test reaches (verify)
GET dashboard/review-feedback,dashboard.review-feedback,Communications,"SA, A",reviewFeedback,app/Http/Controllers/Dashboard/ReviewFeedbackController.php,index,,Production,UI,,,Yes,KEEP,heuristic: reachable and not flagged
GET dashboard/updates,dashboard.updates,Communications,"SA, A, H, T",accessCommunityLife,app/Http/Controllers/Dashboard/UpdateController.php,index,,Production,UI,,,Yes,KEEP,heuristic: reachable and not flagged
GET dashboard/warnings,dashboard.warnings,Communications,any signed-in,signed-in (check in controller),app/Http/Controllers/Dashboard/WarningController.php,index,,Production,UI,,,Yes,KEEP,heuristic: reachable and not flagged
GET operations/warnings,operations.warnings,Communications,any signed-in,signed-in (check in controller),app/Livewire/Warnings/WarningDesk.php,__invoke,,Production,UI,,,Yes,KEEP,heuristic: reachable and not flagged
PATCH dashboard/calendar/{communityEvent},dashboard.calendar.update,Communications,"SA, A, H, T",accessCommunityLife,app/Http/Controllers/Dashboard/CalendarController.php,update,,Production,UI,,,Yes,KEEP,heuristic: reachable and not flagged
PATCH dashboard/guidelines/{guideline},dashboard.guidelines.update,Communications,"SA, A",broadcastNotices,app/Http/Controllers/Dashboard/GuidelinesController.php,update,,Production,UI,,,Yes,KEEP,heuristic: reachable and not flagged
PATCH dashboard/profile,dashboard.profile.update,Communications,any signed-in,signed-in (check in controller),app/Http/Controllers/Dashboard/ProfileController.php,update,GatePassEngine,Production,UI,,,Yes,KEEP,heuristic: reachable and not flagged
PATCH dashboard/review-feedback/{feedback},dashboard.review-feedback.update,Communications,"SA, A",reviewFeedback,app/Http/Controllers/Dashboard/ReviewFeedbackController.php,update,,Production,UI,,,Yes,KEEP,heuristic: reachable and not flagged
PATCH dashboard/settings,dashboard.settings.update,Communications,any signed-in,signed-in (check in controller),app/Http/Controllers/Dashboard/SettingsController.php,update,,Production,UI,,,Yes,KEEP,heuristic: reachable and not flagged
POST api/v1/notifications/dispatch,api.v1.notifications.dispatch,Communications,any signed-in,signed-in (check in controller),app/Http/Controllers/Api/V1/UniversalNotificationApiController.php,dispatchNotification,NotificationMessage; NotificationRecipient; UniversalNotificationService,External API,External,Yes,,Yes,MERGE,heuristic: App\Http\Controllers\Api\V1\UniversalNotificationApiController@dispatchNotification is bound to 2 routes
POST api/v1/notifications/read-all,api.v1.notifications.public-mark-all-read,Communications,any signed-in,signed-in (check in controller),app/Http/Controllers/Api/V1/UniversalNotificationApiController.php,markAllAsRead,NotificationMessage; NotificationRecipient; UniversalNotificationService,External API,External,,,Yes,KEEP,heuristic: reachable and not flagged
POST api/v1/notifications/send,api.v1.notifications.send,Communications,any signed-in,signed-in (check in controller),app/Http/Controllers/Api/V1/UniversalNotificationApiController.php,dispatchNotification,NotificationMessage; NotificationRecipient; UniversalNotificationService,External API,External,Yes,,Yes,MERGE,heuristic: App\Http\Controllers\Api\V1\UniversalNotificationApiController@dispatchNotification is bound to 2 routes
POST api/v1/notifications/{id}/read,api.v1.notifications.public-mark-read,Communications,any signed-in,signed-in (check in controller),app/Http/Controllers/Api/V1/UniversalNotificationApiController.php,markAsRead,NotificationMessage; NotificationRecipient; UniversalNotificationService,External API,External,,,Yes,KEEP,heuristic: reachable and not flagged
POST api/v1/realtime/broadcast,api.v1.realtime.broadcast,Communications,any signed-in,signed-in (check in controller),app/Http/Controllers/Api/V1/RealtimeApiController.php,broadcast,RealtimeBroadcasterService,External API,External,,,Yes,KEEP,heuristic: reachable and not flagged
POST api/webhooks/twilio/status,webhooks.twilio.status,Communications,anyone,public,app/Http/Controllers/TwilioWebhookController.php,messagingStatus,,External API,External,,,Yes,KEEP,heuristic: reachable and not flagged
POST dashboard/calendar,dashboard.calendar.store,Communications,"SA, A, H, T",accessCommunityLife,app/Http/Controllers/Dashboard/CalendarController.php,store,,Production,UI,,,Yes,KEEP,heuristic: reachable and not flagged
POST dashboard/feedback,dashboard.feedback.store,Communications,any signed-in,signed-in (check in controller),app/Http/Controllers/Dashboard/FeedbackController.php,store,,Production,UI,,,Yes,KEEP,heuristic: reachable and not flagged
POST dashboard/guidelines,dashboard.guidelines.store,Communications,"SA, A",broadcastNotices,app/Http/Controllers/Dashboard/GuidelinesController.php,store,,Production,UI,,,Yes,KEEP,heuristic: reachable and not flagged
POST dashboard/notifications,dashboard.notifications.store,Communications,"SA, A",broadcastNotices,app/Http/Controllers/Dashboard/NotificationController.php,store,NotificationEngine; NotificationTargetingService; SmsService; WhatsAppService,Production,UI,,,Yes,KEEP,heuristic: reachable and not flagged
POST dashboard/notifications/suggest-audience,dashboard.notifications.suggest-audience,Communications,"SA, A",broadcastNotices,app/Http/Controllers/Dashboard/NotificationController.php,suggestAudience,NotificationEngine; NotificationTargetingService; SmsService; WhatsAppService,Production,UI,,,Yes,KEEP,heuristic: reachable and not flagged
POST dashboard/profile/avatar,dashboard.profile.avatar,Communications,any signed-in,signed-in (check in controller),app/Http/Controllers/Dashboard/ProfileController.php,updateAvatar,GatePassEngine,Production,No caller found,,,Yes,REMOVE,heuristic: no caller in the UI or tests (verify before removing)
POST dashboard/profile/theme-preset,dashboard.profile.theme-preset,Communications,any signed-in,signed-in (check in controller),app/Http/Controllers/Dashboard/ProfileController.php,updateThemePreset,GatePassEngine,Production,UI,,,Yes,KEEP,heuristic: reachable and not flagged
POST dashboard/updates,dashboard.updates.store,Communications,"SA, A",broadcastNotices,app/Http/Controllers/Dashboard/UpdateController.php,store,,Production,UI,,,Yes,KEEP,heuristic: reachable and not flagged
POST dashboard/warnings,dashboard.warnings.store,Communications,any signed-in,signed-in (check in controller),app/Http/Controllers/Dashboard/WarningController.php,store,,Production,UI,,,Yes,KEEP,heuristic: reachable and not flagged
POST dashboard/warnings/{warning}/respond,dashboard.warnings.respond,Communications,any signed-in,signed-in (check in controller),app/Http/Controllers/Dashboard/WarningController.php,respond,,Production,UI,,,Yes,KEEP,heuristic: reachable and not flagged
GET api/gate-pass,,Credentials,any signed-in,signed-in (check in controller),app/Http/Controllers/Api/GatePassApiController.php,show,GatePassEngine; GateScanner,External API,External,,,Yes,KEEP,heuristic: reachable and not flagged
GET api/gate-pass/token,,Credentials,any signed-in,signed-in (check in controller),app/Http/Controllers/Api/GatePassApiController.php,token,GatePassEngine; GateScanner,External API,External,,,Yes,KEEP,heuristic: reachable and not flagged
GET api/v1/gate-passes,api.v1.gate-passes,Credentials,any signed-in,signed-in (check in controller),app/Http/Controllers/Api/QueryApiController.php,gatePasses,ApiQueryService,External API,External,,,Yes,KEEP,heuristic: reachable and not flagged
GET dashboard/confirm-password,password.confirm,Credentials,any signed-in,signed-in (check in controller),app/Http/Controllers/Auth/ConfirmPasswordController.php,show,,Production,UI,,,Yes,KEEP,heuristic: reachable and not flagged
GET dashboard/gate-pass,dashboard.gate-pass,Credentials,any signed-in,signed-in (check in controller),app/Http/Controllers/Dashboard/GatePassController.php,index,ConfirmScanAction; GatePassEngine; GateScanner; RevokePassAction; ScanGatePassAction; SyncOfflineScansAction; TransitionPassAction,Production,UI,,,Yes,KEEP,heuristic: reachable and not flagged
GET dashboard/gate-pass/pdf/{gatePass},dashboard.gate-pass.pdf,Credentials,any signed-in,signed-in (check in controller),app/Http/Controllers/PdfController.php,downloadGatePass,QrCodePng,Production,UI,,,Yes,KEEP,heuristic: reachable and not flagged
GET dashboard/gate-pass/token,dashboard.gate-pass.token,Credentials,any signed-in,signed-in (check in controller),app/Http/Controllers/Dashboard/GatePassController.php,token,ConfirmScanAction; GatePassEngine; GateScanner; RevokePassAction; ScanGatePassAction; SyncOfflineScansAction; TransitionPassAction,Production,UI,,,Yes,KEEP,heuristic: reachable and not flagged
GET dashboard/parking,dashboard.parking,Credentials,any signed-in,signed-in (check in controller),app/Http/Controllers/Dashboard/ParkingPassController.php,index,ParkingPassService,Production,UI,,,Yes,KEEP,heuristic: reachable and not flagged
GET dashboard/wallet,dashboard.wallet,Credentials,any signed-in,signed-in (check in controller),app/Http/Controllers/Dashboard/DigitalAccessWalletController.php,index,DigitalAccessWalletService; GatePassEngine,Production,UI,,,Yes,KEEP,heuristic: reachable and not flagged
GET dashboard/wallet/apple-pass/{pass},dashboard.wallet.apple-pass,Credentials,any signed-in,signed-in (check in controller),app/Http/Controllers/Dashboard/DigitalAccessWalletController.php,downloadApplePass,DigitalAccessWalletService; GatePassEngine,Production,UI,,,Yes,REBUILD,manual: Wallet passes are not signed with real Apple/Google/Samsung credentials
GET dashboard/wallet/credentials,dashboard.wallet.credentials,Credentials,any signed-in,signed-in (check in controller),app/Http/Controllers/Dashboard/DigitalAccessWalletController.php,credentials,DigitalAccessWalletService; GatePassEngine,Production,Tests only,,,Yes,KEEP,heuristic: reachable and not flagged
GET dashboard/wallet/google-pass/{pass},dashboard.wallet.google-pass,Credentials,any signed-in,signed-in (check in controller),app/Http/Controllers/Dashboard/DigitalAccessWalletController.php,googlePassPayload,DigitalAccessWalletService; GatePassEngine,Production,UI,,,Yes,REBUILD,manual: Wallet passes are not signed with real Apple/Google/Samsung credentials
GET dashboard/wallet/samsung-pass/{pass},dashboard.wallet.samsung-pass,Credentials,any signed-in,signed-in (check in controller),app/Http/Controllers/Dashboard/DigitalAccessWalletController.php,samsungPassPayload,DigitalAccessWalletService; GatePassEngine,Production,UI,,,Yes,REBUILD,manual: Wallet passes are not signed with real Apple/Google/Samsung credentials
GET operations/passes,operations.passes,Credentials,"SA, A, S",manageSecurity,app/Livewire/GatePasses/PassManager.php,__invoke,,Production,UI,,,Yes,KEEP,heuristic: reachable and not flagged
GET|POST dashboard/parking/verify,dashboard.parking.verify,Credentials,"SA, A, S",scanPasses,app/Http/Controllers/Dashboard/ParkingPassController.php,verify,ParkingPassService,Production,UI,,,Yes,KEEP,heuristic: reachable and not flagged
POST api/gate-pass/rotate,,Credentials,any signed-in,signed-in (check in controller),app/Http/Controllers/Api/GatePassApiController.php,rotate,GatePassEngine; GateScanner,External API,External,,,Yes,KEEP,heuristic: reachable and not flagged
POST api/gate-pass/validate,,Credentials,"SA, A, S",scanPasses,app/Http/Controllers/Api/GatePassApiController.php,validateToken,GatePassEngine; GateScanner,External API,External,,,Yes,KEEP,heuristic: reachable and not flagged
POST dashboard/billing/wallet/topup,dashboard.billing.wallet.topup,Credentials,"SA, A, H, T",accessBilling,app/Http/Controllers/Dashboard/BillingController.php,topUpWallet,LedgerService; PaymentOrchestratorService; PaymentRequest; ProviderRegistry; StripePaymentService; TakesInPersonPayments,Production,UI,,,Yes,KEEP,heuristic: reachable and not flagged
POST dashboard/confirm-password,password.confirm.store,Credentials,any signed-in,signed-in (check in controller),app/Http/Controllers/Auth/ConfirmPasswordController.php,store,,Production,UI,,,Yes,KEEP,heuristic: reachable and not flagged
POST dashboard/delegation/{delegation}/reissue-pass,dashboard.delegation.reissue-pass,Credentials,any signed-in,signed-in (check in controller),app/Http/Controllers/Dashboard/DelegatedAccessController.php,reissuePass,AccessVisibilityService; DelegatedAccessService; GatePassEngine,Production,UI,,,Yes,KEEP,heuristic: reachable and not flagged
POST dashboard/gate-pass/reissue/{user},dashboard.gate-pass.reissue,Credentials,"SA, A, S",manageSecurity,app/Http/Controllers/Dashboard/GatePassController.php,reissue,ConfirmScanAction; GatePassEngine; GateScanner; RevokePassAction; ScanGatePassAction; SyncOfflineScansAction; TransitionPassAction,Production,Tests only,,,Yes,KEEP,heuristic: reachable and not flagged
POST dashboard/gate-pass/rotate,dashboard.gate-pass.rotate,Credentials,any signed-in,signed-in (check in controller),app/Http/Controllers/Dashboard/GatePassController.php,rotate,ConfirmScanAction; GatePassEngine; GateScanner; RevokePassAction; ScanGatePassAction; SyncOfflineScansAction; TransitionPassAction,Production,UI,,,Yes,KEEP,heuristic: reachable and not flagged
POST dashboard/gate-pass/{gatePass}/revoke,dashboard.gate-pass.revoke,Credentials,"SA, A, S",manageSecurity,app/Http/Controllers/Dashboard/GatePassController.php,revoke,ConfirmScanAction; GatePassEngine; GateScanner; RevokePassAction; ScanGatePassAction; SyncOfflineScansAction; TransitionPassAction,Production,UI,,,Yes,KEEP,heuristic: reachable and not flagged
POST dashboard/gate-pass/{gatePass}/transition,dashboard.gate-pass.transition,Credentials,any signed-in,signed-in (check in controller),app/Http/Controllers/Dashboard/GatePassController.php,transition,ConfirmScanAction; GatePassEngine; GateScanner; RevokePassAction; ScanGatePassAction; SyncOfflineScansAction; TransitionPassAction,Production,UI,,,Yes,KEEP,heuristic: reachable and not flagged
POST dashboard/parking,dashboard.parking.store,Credentials,any signed-in,signed-in (check in controller),app/Http/Controllers/Dashboard/ParkingPassController.php,store,ParkingPassService,Production,UI,,,Yes,KEEP,heuristic: reachable and not flagged
POST dashboard/wallet/report-lost,dashboard.wallet.report-lost,Credentials,any signed-in,signed-in (check in controller),app/Http/Controllers/Dashboard/DigitalAccessWalletController.php,reportLost,DigitalAccessWalletService; GatePassEngine,Production,UI,,,Yes,KEEP,heuristic: reachable and not flagged
POST dashboard/wallet/simulate-nfc-tap,dashboard.wallet.simulate-nfc-tap,Credentials,"SA, A, S",scanPasses,app/Http/Controllers/Dashboard/DigitalAccessWalletController.php,simulateNfcTap,DigitalAccessWalletService; GatePassEngine,Demo,UI,,Yes,No,REBUILD,manual: Simulated NFC tap; rebuild as an authenticated gate-device API
DELETE dashboard/directory/properties/{property},dashboard.directory.properties.destroy,People,"SA, A",manageUsers,app/Http/Controllers/Dashboard/DirectoryController.php,destroyProperty,PropertyOwnershipService,Production,UI,,,Yes,KEEP,heuristic: reachable and not flagged
DELETE dashboard/directory/staff/{staff},dashboard.directory.staff.destroy,People,any signed-in,signed-in (check in controller),app/Http/Controllers/Dashboard/DirectoryController.php,destroyStaff,PropertyOwnershipService,Production,UI,,,Yes,KEEP,heuristic: reachable and not flagged
DELETE dashboard/household/members/{member},dashboard.household.members.destroy,People,any signed-in,signed-in (check in controller),app/Http/Controllers/Dashboard/HouseholdController.php,destroy,GatePassEngine; HouseholdManagementService,Production,UI,,,Yes,KEEP,heuristic: reachable and not flagged
DELETE dashboard/renters/{renter},dashboard.renters.destroy,People,any signed-in,signed-in (check in controller),app/Http/Controllers/Dashboard/RenterController.php,destroy,,Production,UI,,,Yes,KEEP,heuristic: reachable and not flagged
GET api/v1/users,api.v1.users,People,any signed-in,signed-in (check in controller),app/Http/Controllers/Api/QueryApiController.php,users,ApiQueryService,External API,External,,,Yes,KEEP,heuristic: reachable and not flagged
GET dashboard/access-and-people,dashboard.access-and-people,People,any signed-in,signed-in (check in controller),app/Http/Controllers/Dashboard/DelegatedAccessController.php,index,AccessVisibilityService; DelegatedAccessService; GatePassEngine,Production,Tests only,Yes,,Yes,MERGE,heuristic: App\Http\Controllers\Dashboard\DelegatedAccessController@index is bound to 2 routes
GET dashboard/delegation,dashboard.delegation,People,any signed-in,signed-in (check in controller),app/Http/Controllers/Dashboard/DelegatedAccessController.php,index,AccessVisibilityService; DelegatedAccessService; GatePassEngine,Production,UI,Yes,,Yes,MERGE,heuristic: App\Http\Controllers\Dashboard\DelegatedAccessController@index is bound to 2 routes
GET dashboard/delegation/{delegation}/audit-events,dashboard.delegation.audit-events,People,any signed-in,signed-in (check in controller),app/Http/Controllers/Dashboard/DelegatedAccessController.php,auditEvents,AccessVisibilityService; DelegatedAccessService; GatePassEngine,Production,UI,,,Yes,KEEP,heuristic: reachable and not flagged
GET dashboard/directory,dashboard.directory,People,"SA, A",manageUsers,app/Http/Controllers/Dashboard/DirectoryController.php,index,PropertyOwnershipService,Production,UI,,,Yes,KEEP,heuristic: reachable and not flagged
GET dashboard/household,dashboard.household,People,any signed-in,signed-in (check in controller),app/Http/Controllers/Dashboard/HouseholdController.php,index,GatePassEngine; HouseholdManagementService,Production,UI,,,Yes,KEEP,heuristic: reachable and not flagged
GET dashboard/renters,dashboard.renters,People,any signed-in,signed-in (check in controller),app/Http/Controllers/Dashboard/RenterController.php,index,,Production,UI,,,Yes,KEEP,heuristic: reachable and not flagged
GET operations/directory,operations.directory,People,"SA, A",manageUsers,app/Livewire/Residents/ResidentDirectory.php,__invoke,,Production,UI,,,Yes,MERGE,manual: Livewire duplicate of /dashboard/directory
PATCH dashboard/delegation/{delegation}/rules,dashboard.delegation.rules.update,People,any signed-in,signed-in (check in controller),app/Http/Controllers/Dashboard/DelegatedAccessController.php,updateRules,AccessVisibilityService; DelegatedAccessService; GatePassEngine,Production,UI,,,Yes,KEEP,heuristic: reachable and not flagged
PATCH dashboard/directory/staff/{staff},dashboard.directory.staff.update,People,any signed-in,signed-in (check in controller),app/Http/Controllers/Dashboard/DirectoryController.php,updateStaff,PropertyOwnershipService,Production,UI,,,Yes,KEEP,heuristic: reachable and not flagged
PATCH dashboard/directory/users/{user},dashboard.directory.users.update,People,"SA, A",manageUsers,app/Http/Controllers/Dashboard/DirectoryController.php,updateUser,PropertyOwnershipService,Production,UI,,,Yes,KEEP,heuristic: reachable and not flagged
POST dashboard/delegation,dashboard.delegation.store,People,any signed-in,signed-in (check in controller),app/Http/Controllers/Dashboard/DelegatedAccessController.php,store,AccessVisibilityService; DelegatedAccessService; GatePassEngine,Production,UI,,,Yes,KEEP,heuristic: reachable and not flagged
POST dashboard/delegation/accept/{token},dashboard.delegation.accept,People,any signed-in,signed-in (check in controller),app/Http/Controllers/Dashboard/DelegatedAccessController.php,accept,AccessVisibilityService; DelegatedAccessService; GatePassEngine,Production,Tests only,,,Yes,KEEP,heuristic: reachable and not flagged
POST dashboard/delegation/continuity-plan,dashboard.delegation.continuity-plan,People,any signed-in,signed-in (check in controller),app/Http/Controllers/Dashboard/DelegatedAccessController.php,saveContinuityPlan,AccessVisibilityService; DelegatedAccessService; GatePassEngine,Production,UI,,,Yes,KEEP,heuristic: reachable and not flagged
POST dashboard/delegation/{delegation}/approve,dashboard.delegation.approve,People,any signed-in,signed-in (check in controller),app/Http/Controllers/Dashboard/DelegatedAccessController.php,approve,AccessVisibilityService; DelegatedAccessService; GatePassEngine,Production,Tests only,,,Yes,KEEP,heuristic: reachable and not flagged
POST dashboard/delegation/{delegation}/reject,dashboard.delegation.reject,People,any signed-in,signed-in (check in controller),app/Http/Controllers/Dashboard/DelegatedAccessController.php,reject,AccessVisibilityService; DelegatedAccessService; GatePassEngine,Production,Tests only,,,Yes,KEEP,heuristic: reachable and not flagged
POST dashboard/delegation/{delegation}/revoke,dashboard.delegation.revoke,People,any signed-in,signed-in (check in controller),app/Http/Controllers/Dashboard/DelegatedAccessController.php,revoke,AccessVisibilityService; DelegatedAccessService; GatePassEngine,Production,UI,,,Yes,KEEP,heuristic: reachable and not flagged
POST dashboard/directory/staff,dashboard.directory.staff.store,People,any signed-in,signed-in (check in controller),app/Http/Controllers/Dashboard/DirectoryController.php,storeStaff,PropertyOwnershipService,Production,UI,,,Yes,KEEP,heuristic: reachable and not flagged
POST dashboard/directory/users,dashboard.directory.users.store,People,"SA, A",manageUsers,app/Http/Controllers/Dashboard/DirectoryController.php,storeUser,PropertyOwnershipService,Production,UI,,,Yes,KEEP,heuristic: reachable and not flagged
POST dashboard/directory/users/{user}/properties,dashboard.directory.properties.store,People,"SA, A",manageUsers,app/Http/Controllers/Dashboard/DirectoryController.php,storeProperty,PropertyOwnershipService,Production,UI,,,Yes,KEEP,heuristic: reachable and not flagged
POST dashboard/household/members,dashboard.household.members.store,People,any signed-in,signed-in (check in controller),app/Http/Controllers/Dashboard/HouseholdController.php,store,GatePassEngine; HouseholdManagementService,Production,UI,,,Yes,KEEP,heuristic: reachable and not flagged
POST dashboard/renters,dashboard.renters.store,People,any signed-in,signed-in (check in controller),app/Http/Controllers/Dashboard/RenterController.php,store,,Production,UI,,,Yes,KEEP,heuristic: reachable and not flagged
PUT|PATCH dashboard/household/members/{member},dashboard.household.members.update,People,any signed-in,signed-in (check in controller),app/Http/Controllers/Dashboard/HouseholdController.php,update,GatePassEngine; HouseholdManagementService,Production,UI,,,Yes,KEEP,heuristic: reachable and not flagged
PUT|PATCH dashboard/renters/{renter},dashboard.renters.update,People,any signed-in,signed-in (check in controller),app/Http/Controllers/Dashboard/RenterController.php,update,,Production,UI,,,Yes,KEEP,heuristic: reachable and not flagged
DELETE dashboard/map/boundary/{boundaryConfig},dashboard.boundary.destroy,Properties,SA,manageBoundary,app/Http/Controllers/Dashboard/BoundaryController.php,destroy,GeofenceService,Production,UI,,,Yes,KEEP,heuristic: reachable and not flagged
DELETE dashboard/map/landmarks/{landmark},dashboard.map.landmarks.destroy,Properties,"SA, A, S, H, T",accessEstateInformation,app/Http/Controllers/Dashboard/MapController.php,destroyLandmark,GeofenceService; PropertyOccupancyService,Production,UI,,,Yes,KEEP,heuristic: reachable and not flagged
DELETE dashboard/vehicles/{vehicle},dashboard.vehicles.destroy,Properties,any signed-in,signed-in (check in controller),app/Http/Controllers/Dashboard/VehicleController.php,destroy,VehicleManagementService,Production,UI,,,Yes,KEEP,heuristic: reachable and not flagged
GET api/map/boundary,,Properties,any signed-in,signed-in (check in controller),app/Http/Controllers/Api/MapApiController.php,boundary,GeofenceService,External API,External,,,Yes,KEEP,heuristic: reachable and not flagged
GET api/map/landmarks,,Properties,any signed-in,signed-in (check in controller),app/Http/Controllers/Api/MapApiController.php,landmarks,GeofenceService,External API,External,,,Yes,KEEP,heuristic: reachable and not flagged
GET dashboard/map,dashboard.map,Properties,"SA, A, S, H, T",accessEstateInformation,app/Http/Controllers/Dashboard/MapController.php,index,GeofenceService; PropertyOccupancyService,Production,UI,,,Yes,KEEP,heuristic: reachable and not flagged
GET dashboard/map/boundary,dashboard.boundary,Properties,"SA, A, S",viewBoundary,app/Http/Controllers/Dashboard/BoundaryController.php,edit,GeofenceService,Production,Tests only,,,Yes,KEEP,heuristic: reachable and not flagged
GET dashboard/map/boundary/export,dashboard.boundary.export,Properties,SA,manageBoundary,app/Http/Controllers/Dashboard/BoundaryController.php,exportGeoJson,GeofenceService,Production,Tests only,,,Yes,KEEP,heuristic: reachable and not flagged
GET dashboard/vehicles,dashboard.vehicles,Properties,any signed-in,signed-in (check in controller),app/Http/Controllers/Dashboard/VehicleController.php,index,VehicleManagementService,Production,UI,,,Yes,KEEP,heuristic: reachable and not flagged
GET dashboard/vehicles/anpr-lookup,dashboard.vehicles.anpr-lookup,Properties,any signed-in,signed-in (check in controller),app/Http/Controllers/Dashboard/VehicleController.php,anprLookup,VehicleManagementService,Production,UI,Yes,,Yes,KEEP,manual: Used by the gate scanner and the Vehicles page; anpr-lookup/anpr/lookup are aliases (see Duplicate)
GET dashboard/vehicles/anpr/lookup,dashboard.vehicles.anpr.lookup,Properties,any signed-in,signed-in (check in controller),app/Http/Controllers/Dashboard/VehicleController.php,anprLookup,VehicleManagementService,Production,UI,Yes,,Yes,KEEP,manual: Used by the gate scanner and the Vehicles page; anpr-lookup/anpr/lookup are aliases (see Duplicate)
POST api/map/check-position,,Properties,any signed-in,signed-in (check in controller),app/Http/Controllers/Api/MapApiController.php,checkPosition,GeofenceService,External API,External,,,Yes,KEEP,heuristic: reachable and not flagged
POST dashboard/map/boundary/draft,dashboard.boundary.draft,Properties,SA,manageBoundary,app/Http/Controllers/Dashboard/BoundaryController.php,saveDraft,GeofenceService,Production,UI,,,Yes,KEEP,heuristic: reachable and not flagged
POST dashboard/map/boundary/import,dashboard.boundary.import,Properties,SA,manageBoundary,app/Http/Controllers/Dashboard/BoundaryController.php,importGeoJson,GeofenceService,Production,Tests only,,,Yes,KEEP,heuristic: reachable and not flagged
POST dashboard/map/boundary/publish,dashboard.boundary.publish,Properties,SA,manageBoundary,app/Http/Controllers/Dashboard/BoundaryController.php,publish,GeofenceService,Production,UI,,,Yes,KEEP,heuristic: reachable and not flagged
POST dashboard/map/boundary/replace/{boundaryConfig},dashboard.boundary.replace,Properties,SA,manageBoundary,app/Http/Controllers/Dashboard/BoundaryController.php,replace,GeofenceService,Production,No caller found,,,Yes,REMOVE,heuristic: no caller in the UI or tests (verify before removing)
POST dashboard/map/boundary/validate,dashboard.boundary.validate,Properties,SA,manageBoundary,app/Http/Controllers/Dashboard/BoundaryController.php,validateBoundary,GeofenceService,Production,No caller found,,,Yes,REMOVE,heuristic: no caller in the UI or tests (verify before removing)
POST dashboard/map/landmarks,dashboard.map.landmarks.store,Properties,"SA, A, S, H, T",accessEstateInformation,app/Http/Controllers/Dashboard/MapController.php,storeLandmark,GeofenceService; PropertyOccupancyService,Production,UI,,,Yes,KEEP,heuristic: reachable and not flagged
POST dashboard/map/locate,dashboard.map.locate,Properties,"SA, A, S, H, T",accessEstateInformation,app/Http/Controllers/Dashboard/MapController.php,locate,GeofenceService; PropertyOccupancyService,Production,Tests only,,,Yes,KEEP,heuristic: reachable and not flagged
POST dashboard/vehicles,dashboard.vehicles.store,Properties,any signed-in,signed-in (check in controller),app/Http/Controllers/Dashboard/VehicleController.php,store,VehicleManagementService,Production,UI,,,Yes,KEEP,heuristic: reachable and not flagged
PUT|PATCH dashboard/vehicles/{vehicle},dashboard.vehicles.update,Properties,any signed-in,signed-in (check in controller),app/Http/Controllers/Dashboard/VehicleController.php,update,VehicleManagementService,Production,UI,,,Yes,KEEP,heuristic: reachable and not flagged
GET api/v1/pdf/catalog,api.v1.pdf.catalog,Reporting,any signed-in,signed-in (check in controller),app/Http/Controllers/Api/V1/PdfApiController.php,catalog,EnterprisePdfService,Demo,External,,Yes,No,MERGE,manual: Generic PDF generator; keep only the invoice/receipt documents billing needs
GET api/v1/pdf/drivers,api.v1.pdf.drivers,Reporting,any signed-in,signed-in (check in controller),app/Http/Controllers/Api/V1/PdfApiController.php,drivers,EnterprisePdfService,Demo,External,,Yes,No,MERGE,manual: Generic PDF generator; keep only the invoice/receipt documents billing needs
GET api/v1/spreadsheets/blueprints,api.v1.spreadsheets.blueprints,Reporting,any signed-in,signed-in (check in controller),app/Http/Controllers/Api/V1/SpreadsheetApiController.php,blueprints,EnterpriseSpreadsheetService,External API,External,,,Yes,KEEP,heuristic: reachable and not flagged
GET api/v1/spreadsheets/export/{blueprint},api.v1.spreadsheets.export,Reporting,any signed-in,signed-in (check in controller),app/Http/Controllers/Api/V1/SpreadsheetApiController.php,export,EnterpriseSpreadsheetService,External API,External,,,Yes,KEEP,heuristic: reachable and not flagged
GET api/v1/spreadsheets/sample-template/{blueprint},api.v1.spreadsheets.sample-template,Reporting,any signed-in,signed-in (check in controller),app/Http/Controllers/Api/V1/SpreadsheetApiController.php,sampleTemplate,EnterpriseSpreadsheetService,External API,External,,,Yes,KEEP,heuristic: reachable and not flagged
GET dashboard,dashboard.index,Reporting,any signed-in,signed-in (check in controller),app/Http/Controllers/Dashboard/OverviewController.php,__invoke,GeofenceService,Production,UI,,,Yes,KEEP,heuristic: reachable and not flagged
GET operations/pdf,operations.pdf,Reporting,"SA, A",issueDocuments,app/Livewire/Pdf/PdfGenerationHub.php,__invoke,EnterprisePdfService,Production,Tests only,,,Yes,KEEP,heuristic: reachable and not flagged
GET operations/spreadsheets,operations.spreadsheets,Reporting,any signed-in,signed-in (check in controller),app/Livewire/Spreadsheets/SpreadsheetOperationsHub.php,__invoke,EnterpriseSpreadsheetService,Production,Tests only,,,Yes,KEEP,heuristic: reachable and not flagged
GET query-builder,query-builder.index,Reporting,any signed-in,signed-in (check in controller),Closure,__invoke,,Demo,UI,,Yes,No,REMOVE,"manual: Developer showcase, not an estate feature"
POST api/v1/pdf/download/{type},api.v1.pdf.download,Reporting,"SA, A",issueDocuments,app/Http/Controllers/Api/V1/PdfApiController.php,download,EnterprisePdfService,Demo,External,,Yes,No,MERGE,manual: Generic PDF generator; keep only the invoice/receipt documents billing needs
POST api/v1/pdf/generate,api.v1.pdf.generate,Reporting,"SA, A",issueDocuments,app/Http/Controllers/Api/V1/PdfApiController.php,generate,EnterprisePdfService,Demo,External,,Yes,No,MERGE,manual: Generic PDF generator; keep only the invoice/receipt documents billing needs
POST api/v1/pdf/preview/{type},api.v1.pdf.preview,Reporting,"SA, A",issueDocuments,app/Http/Controllers/Api/V1/PdfApiController.php,preview,EnterprisePdfService,Demo,UI,,Yes,No,MERGE,manual: Generic PDF generator; keep only the invoice/receipt documents billing needs
POST api/v1/spreadsheets/export-queue/{blueprint},api.v1.spreadsheets.export-queue,Reporting,any signed-in,signed-in (check in controller),app/Http/Controllers/Api/V1/SpreadsheetApiController.php,queueExport,EnterpriseSpreadsheetService,External API,External,,,Yes,KEEP,heuristic: reachable and not flagged
POST api/v1/spreadsheets/import/{blueprint},api.v1.spreadsheets.import,Reporting,any signed-in,signed-in (check in controller),app/Http/Controllers/Api/V1/SpreadsheetApiController.php,import,EnterpriseSpreadsheetService,External API,External,,,Yes,KEEP,heuristic: reachable and not flagged
DELETE dashboard/safety/duress-pin,dashboard.safety.duress-pin.clear,Safety,any signed-in,signed-in (check in controller),app/Http/Controllers/Dashboard/SafetyController.php,clearDuressPin,SilentAssistanceService,Production,UI,,,Yes,KEEP,heuristic: reachable and not flagged
GET dashboard/occupancy/muster/export,dashboard.occupancy.muster.export,Safety,any signed-in,signed-in (check in controller),app/Http/Controllers/Dashboard/OccupancyController.php,exportMusterRoster,EmergencyMusterService; PropertyOccupancyService,Production,Tests only,,,Yes,KEEP,heuristic: reachable and not flagged
GET dashboard/safety,dashboard.safety,Safety,any signed-in,signed-in (check in controller),app/Http/Controllers/Dashboard/SafetyController.php,show,SilentAssistanceService,Production,UI,,,Yes,KEEP,heuristic: reachable and not flagged
GET dashboard/safety/credential,dashboard.safety.credential,Safety,any signed-in,signed-in (check in controller),app/Http/Controllers/Dashboard/SafetyController.php,credentialSafety,SilentAssistanceService,Production,UI,,,Yes,KEEP,heuristic: reachable and not flagged
GET dashboard/silent-assistance,dashboard.silent-assistance,Safety,"SA, A, S",manageSecurity,app/Http/Controllers/Dashboard/SilentAssistanceController.php,index,SilentAssistanceService,Production,UI,,,Yes,KEEP,heuristic: reachable and not flagged
GET guest/pass/{token}/safety,credential.safety.show,Safety,anyone,public,app/Http/Controllers/Dashboard/SafetyController.php,showCredential,SilentAssistanceService,Production,UI,,,Yes,KEEP,heuristic: reachable and not flagged
PATCH dashboard/safety/profile,dashboard.safety.profile,Safety,any signed-in,signed-in (check in controller),app/Http/Controllers/Dashboard/SafetyController.php,updateProfile,SilentAssistanceService,Production,UI,,,Yes,KEEP,heuristic: reachable and not flagged
POST dashboard/delegation/{delegation}/emergency/activate,dashboard.delegation.emergency.activate,Safety,any signed-in,signed-in (check in controller),app/Http/Controllers/Dashboard/DelegatedAccessController.php,activateEmergency,AccessVisibilityService; DelegatedAccessService; GatePassEngine,Production,UI,,,Yes,KEEP,heuristic: reachable and not flagged
POST dashboard/delegation/{delegation}/emergency/deactivate,dashboard.delegation.emergency.deactivate,Safety,any signed-in,signed-in (check in controller),app/Http/Controllers/Dashboard/DelegatedAccessController.php,deactivateEmergency,AccessVisibilityService; DelegatedAccessService; GatePassEngine,Production,UI,,,Yes,KEEP,heuristic: reachable and not flagged
POST dashboard/emergency/panic,dashboard.emergency.panic,Safety,"SA, A, H, T",triggerEmergencyPanic,app/Http/Controllers/Dashboard/ResidentEmergencyController.php,panic,,Production,Tests only,,,Yes,MERGE,manual: Overlaps Safety & Assistance (silent assistance); no screen calls it
POST dashboard/notifications/broadcast,dashboard.notifications.broadcast,Safety,"SA, A",broadcastNotices,app/Http/Controllers/Dashboard/NotificationController.php,broadcastEmergency,NotificationEngine; NotificationTargetingService; SmsService; WhatsAppService,Production,UI,,,Yes,KEEP,heuristic: reachable and not flagged
POST dashboard/occupancy/muster/resolve,dashboard.occupancy.muster.resolve,Safety,any signed-in,signed-in (check in controller),app/Http/Controllers/Dashboard/OccupancyController.php,resolveMuster,EmergencyMusterService; PropertyOccupancyService,Production,UI,,,Yes,KEEP,heuristic: reachable and not flagged
POST dashboard/occupancy/muster/start,dashboard.occupancy.muster.start,Safety,any signed-in,signed-in (check in controller),app/Http/Controllers/Dashboard/OccupancyController.php,startMuster,EmergencyMusterService; PropertyOccupancyService,Production,UI,,,Yes,KEEP,heuristic: reachable and not flagged
POST dashboard/occupancy/muster/status,dashboard.occupancy.muster.status,Safety,any signed-in,signed-in (check in controller),app/Http/Controllers/Dashboard/OccupancyController.php,updateMusterStatus,EmergencyMusterService; PropertyOccupancyService,Production,UI,,,Yes,KEEP,heuristic: reachable and not flagged
POST dashboard/safety/account-credential/assist,dashboard.safety.account-credential.assist,Safety,any signed-in,signed-in (check in controller),app/Http/Controllers/Dashboard/SafetyController.php,requestAccountCredentialAssistance,SilentAssistanceService,Production,UI,,,Yes,KEEP,heuristic: reachable and not flagged
POST dashboard/safety/assist,dashboard.safety.assist,Safety,any signed-in,signed-in (check in controller),app/Http/Controllers/Dashboard/SafetyController.php,requestAssistance,SilentAssistanceService,Production,UI,,,Yes,KEEP,heuristic: reachable and not flagged
POST dashboard/safety/hold,dashboard.safety.hold,Safety,any signed-in,signed-in (check in controller),app/Http/Controllers/Dashboard/SafetyController.php,hold,SilentAssistanceService,Production,UI,,,Yes,KEEP,heuristic: reachable and not flagged
POST dashboard/silent-assistance/{alert}/acknowledge,dashboard.silent-assistance.acknowledge,Safety,"SA, A, S",manageSecurity,app/Http/Controllers/Dashboard/SilentAssistanceController.php,acknowledge,SilentAssistanceService,Production,UI,,,Yes,KEEP,heuristic: reachable and not flagged
POST dashboard/silent-assistance/{alert}/escalate-emergency,dashboard.silent-assistance.escalate-emergency,Safety,"SA, A, S",manageSecurity,app/Http/Controllers/Dashboard/SilentAssistanceController.php,escalateToEmergencyServices,SilentAssistanceService,Production,UI,,,Yes,KEEP,heuristic: reachable and not flagged
POST dashboard/silent-assistance/{alert}/escalate-security,dashboard.silent-assistance.escalate-security,Safety,"SA, A, S",manageSecurity,app/Http/Controllers/Dashboard/SilentAssistanceController.php,escalateToSecurity,SilentAssistanceService,Production,UI,,,Yes,KEEP,heuristic: reachable and not flagged
POST dashboard/silent-assistance/{alert}/resolve,dashboard.silent-assistance.resolve,Safety,"SA, A, S",manageSecurity,app/Http/Controllers/Dashboard/SilentAssistanceController.php,resolve,SilentAssistanceService,Production,UI,,,Yes,KEEP,heuristic: reachable and not flagged
POST guest/pass/{token}/safety/assist,credential.safety.assist,Safety,anyone,public,app/Http/Controllers/Dashboard/SafetyController.php,requestCredentialAssistance,SilentAssistanceService,Production,UI,,,Yes,KEEP,heuristic: reachable and not flagged
PUT dashboard/safety/duress-pin,dashboard.safety.duress-pin,Safety,any signed-in,signed-in (check in controller),app/Http/Controllers/Dashboard/SafetyController.php,setDuressPin,SilentAssistanceService,Production,UI,,,Yes,KEEP,heuristic: reachable and not flagged
DELETE dashboard/block-list/{blocklistEntry},dashboard.block-list.destroy,Security,"SA, A, S",manageBlocklist,app/Http/Controllers/Dashboard/BlocklistController.php,destroy,,Production,UI,,,Yes,KEEP,heuristic: reachable and not flagged
GET api/access-log,,Security,"SA, A, S",manageSecurity,app/Http/Controllers/Api/AccessLogApiController.php,index,,External API,External,,,Yes,KEEP,heuristic: reachable and not flagged
GET dashboard/access-governance,dashboard.access-governance,Security,"SA, A, S",manageSecurity,app/Http/Controllers/Dashboard/AccessGovernanceController.php,index,AccessApprovalWorkflowService; AccessAuditTimelineService; AccessExpirationPolicyService; AccessRiskEngine; AccessVisibilityService; DigitalAuthorizationDocumentService,Production,UI,,,Yes,KEEP,heuristic: reachable and not flagged
GET dashboard/access-governance/timeline/{pass_id},dashboard.access-governance.timeline,Security,"SA, A, S",manageSecurity,app/Http/Controllers/Dashboard/AccessGovernanceController.php,getPassTimeline,AccessApprovalWorkflowService; AccessAuditTimelineService; AccessExpirationPolicyService; AccessRiskEngine; AccessVisibilityService; DigitalAuthorizationDocumentService,Production,Tests only,,,Yes,KEEP,heuristic: reachable and not flagged
GET dashboard/access-log,dashboard.access-log,Security,"SA, A, S",manageSecurity,app/Http/Controllers/Dashboard/AccessLogController.php,index,,Production,UI,,,Yes,KEEP,heuristic: reachable and not flagged
GET dashboard/access-log/export,dashboard.access-log.export,Security,"SA, A, S",manageSecurity,app/Http/Controllers/Dashboard/AccessLogController.php,export,,Production,Tests only,,,Yes,KEEP,heuristic: reachable and not flagged
GET dashboard/block-list,dashboard.block-list,Security,"SA, A, S, H, T",accessEstateInformation,app/Http/Controllers/Dashboard/BlocklistController.php,index,,Production,UI,,,Yes,KEEP,heuristic: reachable and not flagged
GET dashboard/gate-scanner,dashboard.gate-scanner,Security,"SA, A, S",scanPasses,app/Http/Controllers/Dashboard/GatePassController.php,scanner,ConfirmScanAction; GatePassEngine; GateScanner; RevokePassAction; ScanGatePassAction; SyncOfflineScansAction; TransitionPassAction,Production,UI,,,Yes,KEEP,heuristic: reachable and not flagged
GET dashboard/gate-sensor/recent,dashboard.gate-sensor.recent,Security,"SA, A, S",manageSecurity,app/Http/Controllers/Dashboard/GateSensorEventController.php,recent,GateTailgatingDetectionService,Production,Tests only,,,Yes,REBUILD,manual: Sensor readings are simulated; rebuild as an authenticated gate-device API
GET dashboard/occupancy,dashboard.occupancy,Security,any signed-in,signed-in (check in controller),app/Http/Controllers/Dashboard/OccupancyController.php,index,EmergencyMusterService; PropertyOccupancyService,Production,UI,,,Yes,KEEP,heuristic: reachable and not flagged
GET dashboard/occupancy/export,dashboard.occupancy.export,Security,any signed-in,signed-in (check in controller),app/Http/Controllers/Dashboard/OccupancyController.php,exportRoster,EmergencyMusterService; PropertyOccupancyService,Production,UI,,,Yes,KEEP,heuristic: reachable and not flagged
GET dashboard/occupancy/hierarchy,dashboard.occupancy.hierarchy,Security,any signed-in,signed-in (check in controller),app/Http/Controllers/Dashboard/OccupancyController.php,hierarchy,EmergencyMusterService; PropertyOccupancyService,Production,Tests only,,,Yes,KEEP,heuristic: reachable and not flagged
GET dashboard/occupancy/unit/{unit},dashboard.occupancy.unit,Security,any signed-in,signed-in (check in controller),app/Http/Controllers/Dashboard/OccupancyController.php,unit,EmergencyMusterService; PropertyOccupancyService,Production,UI,,,Yes,KEEP,heuristic: reachable and not flagged
PATCH dashboard/block-list/requests/{removalRequest},dashboard.block-list.requests.review,Security,"SA, A, S",manageBlocklist,app/Http/Controllers/Dashboard/BlocklistController.php,reviewRemoval,,Production,UI,,,Yes,KEEP,heuristic: reachable and not flagged
PATCH dashboard/block-list/{blocklistEntry},dashboard.block-list.update,Security,"SA, A, S",manageBlocklist,app/Http/Controllers/Dashboard/BlocklistController.php,update,,Production,UI,,,Yes,KEEP,heuristic: reachable and not flagged
POST api/gate-pass/scans/{scan}/confirm,,Security,"SA, A, S",scanPasses,app/Http/Controllers/Api/GatePassApiController.php,confirmScan,GatePassEngine; GateScanner,External API,External,,,Yes,KEEP,heuristic: reachable and not flagged
POST dashboard/access-governance/approvals/{id}/approve,dashboard.access-governance.approve,Security,"SA, A",manageUsers,app/Http/Controllers/Dashboard/AccessGovernanceController.php,approveRequest,AccessApprovalWorkflowService; AccessAuditTimelineService; AccessExpirationPolicyService; AccessRiskEngine; AccessVisibilityService; DigitalAuthorizationDocumentService,Production,UI,,,Yes,KEEP,heuristic: reachable and not flagged
POST dashboard/access-governance/approvals/{id}/reject,dashboard.access-governance.reject,Security,"SA, A",manageUsers,app/Http/Controllers/Dashboard/AccessGovernanceController.php,rejectRequest,AccessApprovalWorkflowService; AccessAuditTimelineService; AccessExpirationPolicyService; AccessRiskEngine; AccessVisibilityService; DigitalAuthorizationDocumentService,Production,UI,,,Yes,KEEP,heuristic: reachable and not flagged
POST dashboard/access-governance/documents/attach,dashboard.access-governance.attach-doc,Security,"SA, A",manageUsers,app/Http/Controllers/Dashboard/AccessGovernanceController.php,attachDocument,AccessApprovalWorkflowService; AccessAuditTimelineService; AccessExpirationPolicyService; AccessRiskEngine; AccessVisibilityService; DigitalAuthorizationDocumentService,Production,UI,,,Yes,KEEP,heuristic: reachable and not flagged
POST dashboard/access-governance/documents/audit,dashboard.access-governance.audit-docs,Security,"SA, A",manageUsers,app/Http/Controllers/Dashboard/AccessGovernanceController.php,auditDocuments,AccessApprovalWorkflowService; AccessAuditTimelineService; AccessExpirationPolicyService; AccessRiskEngine; AccessVisibilityService; DigitalAuthorizationDocumentService,Production,UI,,,Yes,KEEP,heuristic: reachable and not flagged
POST dashboard/access-governance/incidents/{id}/lockdown,dashboard.access-governance.lockdown,Security,"SA, A, S",manageSecurity,app/Http/Controllers/Dashboard/AccessGovernanceController.php,lockdownIncident,AccessApprovalWorkflowService; AccessAuditTimelineService; AccessExpirationPolicyService; AccessRiskEngine; AccessVisibilityService; DigitalAuthorizationDocumentService,Production,UI,,,Yes,KEEP,heuristic: reachable and not flagged
POST dashboard/access-governance/incidents/{id}/resolve,dashboard.access-governance.resolve,Security,"SA, A, S",manageSecurity,app/Http/Controllers/Dashboard/AccessGovernanceController.php,resolveIncident,AccessApprovalWorkflowService; AccessAuditTimelineService; AccessExpirationPolicyService; AccessRiskEngine; AccessVisibilityService; DigitalAuthorizationDocumentService,Production,UI,,,Yes,KEEP,heuristic: reachable and not flagged
POST dashboard/access-governance/passes/expire-sweep,dashboard.access-governance.sweep,Security,"SA, A",manageUsers,app/Http/Controllers/Dashboard/AccessGovernanceController.php,sweepExpiredPasses,AccessApprovalWorkflowService; AccessAuditTimelineService; AccessExpirationPolicyService; AccessRiskEngine; AccessVisibilityService; DigitalAuthorizationDocumentService,Production,UI,,,Yes,KEEP,heuristic: reachable and not flagged
POST dashboard/block-list,dashboard.block-list.store,Security,"SA, A, S",manageBlocklist,app/Http/Controllers/Dashboard/BlocklistController.php,store,,Production,UI,,,Yes,KEEP,heuristic: reachable and not flagged
POST dashboard/block-list/{blocklistEntry}/request-removal,dashboard.block-list.request-removal,Security,"SA, A, S, H, T",accessEstateInformation,app/Http/Controllers/Dashboard/BlocklistController.php,requestRemoval,,Production,UI,,,Yes,KEEP,heuristic: reachable and not flagged
POST dashboard/gate-pass/scan,dashboard.gate-pass.scan,Security,"SA, A, S",scanPasses,app/Http/Controllers/Dashboard/GatePass/ScanGatePassController.php,__invoke,ScanGatePassAction,Production,UI,,,Yes,KEEP,heuristic: reachable and not flagged
POST dashboard/gate-pass/scans/{scan}/confirm,dashboard.gate-pass.scans.confirm,Security,"SA, A, S",scanPasses,app/Http/Controllers/Dashboard/GatePassController.php,confirmScan,ConfirmScanAction; GatePassEngine; GateScanner; RevokePassAction; ScanGatePassAction; SyncOfflineScansAction; TransitionPassAction,Production,UI,,,Yes,KEEP,heuristic: reachable and not flagged
POST dashboard/gate-pass/sync-offline-scans,dashboard.gate-pass.sync-offline-scans,Security,"SA, A, S",scanPasses,app/Http/Controllers/Dashboard/GatePassController.php,syncOfflineScans,ConfirmScanAction; GatePassEngine; GateScanner; RevokePassAction; ScanGatePassAction; SyncOfflineScansAction; TransitionPassAction,Production,Tests only,,,Yes,KEEP,heuristic: reachable and not flagged
POST dashboard/gate-sensor/resolve,dashboard.gate-sensor.resolve,Security,"SA, A, S",manageSecurity,app/Http/Controllers/Dashboard/GateSensorEventController.php,resolve,GateTailgatingDetectionService,Production,UI,,,Yes,REBUILD,manual: Sensor readings are simulated; rebuild as an authenticated gate-device API
POST dashboard/gate-sensor/sequence,dashboard.gate-sensor.sequence,Security,"SA, A, S",manageSecurity,app/Http/Controllers/Dashboard/GateSensorEventController.php,sequence,GateTailgatingDetectionService,Production,UI,,,Yes,REBUILD,manual: Sensor readings are simulated; rebuild as an authenticated gate-device API
DELETE dashboard/visitors/{visitor},dashboard.visitors.destroy,Visitors,"SA, A, S, H, T",accessEstateInformation,app/Http/Controllers/Dashboard/VisitorController.php,destroy,GatePassEngine; GateScanner,Production,UI,,,Yes,KEEP,heuristic: reachable and not flagged
GET api/v1/visitors,api.v1.visitors,Visitors,any signed-in,signed-in (check in controller),app/Http/Controllers/Api/QueryApiController.php,visitors,ApiQueryService,External API,External,,,Yes,KEEP,heuristic: reachable and not flagged
GET api/visitors,,Visitors,any signed-in,signed-in (check in controller),app/Http/Controllers/Api/VisitorApiController.php,index,GatePassEngine; GateScanner,External API,External,,,Yes,KEEP,heuristic: reachable and not flagged
GET dashboard/visitors,dashboard.visitors,Visitors,"SA, A, S, H, T",accessEstateInformation,app/Http/Controllers/Dashboard/VisitorController.php,index,GatePassEngine; GateScanner,Production,UI,,,Yes,KEEP,heuristic: reachable and not flagged
GET guest/pass/{token},guest-pass.show,Visitors,anyone,public,app/Http/Controllers/GuestPassController.php,show,GatePassEngine; QrCodePng,Production,UI,,,Yes,KEEP,heuristic: reachable and not flagged
GET guest/pass/{token}/code,guest-pass.code,Visitors,anyone,public,app/Http/Controllers/GuestPassController.php,code,GatePassEngine; QrCodePng,Production,UI,,,Yes,KEEP,heuristic: reachable and not flagged
GET guest/pass/{token}/pdf,pdf.visitor-pass,Visitors,anyone,public,app/Http/Controllers/PdfController.php,downloadVisitorPass,QrCodePng,Production,UI,,,Yes,KEEP,heuristic: reachable and not flagged
GET rsvp/{token},rsvp.show,Visitors,anyone,public,app/Http/Controllers/EventRsvpController.php,show,GatePassEngine; PhoneNumber; SmsService,Production,UI,,,Yes,KEEP,heuristic: reachable and not flagged
POST api/visitors,,Visitors,any signed-in,signed-in (check in controller),app/Http/Controllers/Api/VisitorApiController.php,store,GatePassEngine; GateScanner,External API,External,,,Yes,KEEP,heuristic: reachable and not flagged
POST api/visitors/{visitor}/check-in,,Visitors,"SA, A, S",manageSecurity,app/Http/Controllers/Api/VisitorApiController.php,checkIn,GatePassEngine; GateScanner,External API,External,,,Yes,KEEP,heuristic: reachable and not flagged
POST api/visitors/{visitor}/check-out,,Visitors,"SA, A, S",manageSecurity,app/Http/Controllers/Api/VisitorApiController.php,checkOut,GatePassEngine; GateScanner,External API,External,,,Yes,KEEP,heuristic: reachable and not flagged
POST dashboard/visitors,dashboard.visitors.store,Visitors,"SA, A, S, H, T",accessEstateInformation,app/Http/Controllers/Dashboard/VisitorController.php,store,GatePassEngine; GateScanner,Production,UI,,,Yes,KEEP,heuristic: reachable and not flagged
POST dashboard/visitors/bulk,dashboard.visitors.bulk,Visitors,"SA, A, S, H, T",accessEstateInformation,app/Http/Controllers/Dashboard/VisitorController.php,storeBulk,GatePassEngine; GateScanner,Production,UI,,,Yes,KEEP,heuristic: reachable and not flagged
POST dashboard/visitors/invites,dashboard.visitors.invites.create,Visitors,"SA, A, S, H, T",accessEstateInformation,app/Http/Controllers/EventRsvpController.php,createInvite,GatePassEngine; PhoneNumber; SmsService,Production,UI,,,Yes,KEEP,heuristic: reachable and not flagged
POST dashboard/visitors/{visitor}/check-in,dashboard.visitors.check-in,Visitors,"SA, A, S, H, T",accessEstateInformation,app/Http/Controllers/Dashboard/VisitorController.php,checkIn,GatePassEngine; GateScanner,Production,UI,,,Yes,KEEP,heuristic: reachable and not flagged
POST dashboard/visitors/{visitor}/check-out,dashboard.visitors.check-out,Visitors,"SA, A, S, H, T",accessEstateInformation,app/Http/Controllers/Dashboard/VisitorController.php,checkOut,GatePassEngine; GateScanner,Production,UI,,,Yes,KEEP,heuristic: reachable and not flagged
POST dashboard/visitors/{visitor}/extend,dashboard.visitors.extend,Visitors,"SA, A, S, H, T",accessEstateInformation,app/Http/Controllers/Dashboard/VisitorController.php,extendPass,GatePassEngine; GateScanner,Production,UI,,,Yes,KEEP,heuristic: reachable and not flagged
POST dashboard/visitors/{visitor}/resend,dashboard.visitors.resend,Visitors,"SA, A, S, H, T",accessEstateInformation,app/Http/Controllers/Dashboard/VisitorController.php,resendPass,GatePassEngine; GateScanner,Production,UI,,,Yes,KEEP,heuristic: reachable and not flagged
POST rsvp/{token},rsvp.submit,Visitors,anyone,public,app/Http/Controllers/EventRsvpController.php,submit,GatePassEngine; PhoneNumber; SmsService,Production,UI,,,Yes,KEEP,heuristic: reachable and not flagged
PUT|PATCH dashboard/visitors/{visitor},dashboard.visitors.update,Visitors,"SA, A, S, H, T",accessEstateInformation,app/Http/Controllers/Dashboard/VisitorController.php,update,GatePassEngine; GateScanner,Production,UI,,,Yes,KEEP,heuristic: reachable and not flagged
